time,latitude,longitude,depth,mag,magType,nst,gap,dmin,rms,net,id,updated,place,type,horizontalError,depthError,magError,magNst,status,locationSource,magSource
2026-09-01T19:21:23.337Z,41.6191,142.0502,74.021,4.6,mb,85,114,0.917,0.54,us,us7000tdfa,2026-09-01T20:28:07.040Z,"78 km ENE of Mutsu, Japan",earthquake,5.65,5.698,0.061,81,reviewed,us,us
2026-09-01T18:37:29.222Z,-20.5024,169.7829,122.461,5,mb,79,54,3.023,1.23,us,us7000tdey,2026-09-01T18:54:29.040Z,"118 km SSE of Isangel, Vanuatu",earthquake,9.4,7.239,0.048,136,reviewed,us,us
2026-09-01T18:11:46.390Z,-8.1698,120.716,10,4.9,mb,49,123,3.278,1.14,us,us7000tder,2026-09-01T19:46:20.040Z,"56 km NNE of Ruteng, Indonesia",earthquake,10.17,1.893,0.092,37,reviewed,us,us
2026-09-01T13:47:19.528Z,52.2673,-169.4311,35,4.6,mb,170,62,0.789,0.84,us,us7000tdbt,2026-09-01T18:13:48.040Z,"84 km SSW of Nikolski, Alaska",earthquake,3.73,1.882,0.037,220,reviewed,us,us
2026-09-01T13:22:30.133Z,5.1623,125.672,120.779,5.2,mww,113,39,1.897,1.2,us,us7000tdbr,2026-09-01T15:51:28.561Z,"35 km SE of Sarangani, Philippines",earthquake,9.21,5.57,0.08,15,reviewed,us,us
2026-09-01T12:15:51.375Z,-29.4696,-71.9434,10,4.6,mb,24,154,0.759,0.53,us,us7000tdbi,2026-09-01T13:58:03.040Z,"79 km NW of Coquimbo, Chile",earthquake,4.99,1.016,0.244,5,reviewed,us,us
2026-09-01T10:34:48.848Z,-19.4439,-175.4039,198.068,4.9,mb,71,69,5.782,0.87,us,us7000tdbc,2026-09-01T11:01:25.040Z,"117 km WNW of Pangai, Tonga",earthquake,12.31,6.478,0.027,445,reviewed,us,us
2026-09-01T08:22:20.813Z,0.1685,128.8054,10,5.6,mb,63,69,7.573,1.29,us,us7000tdav,2026-09-01T10:32:03.458Z,"82 km SE of Maba, Indonesia",earthquake,8.26,1.863,0.068,76,reviewed,us,us
2026-09-01T07:45:38.175Z,52.1624,-169.2588,37.559,4.5,mb,82,179,0.848,1.23,us,us7000tdal,2026-09-01T17:13:55.698Z,"90 km SSW of Nikolski, Alaska",earthquake,8.73,7.982,0.056,95,reviewed,us,us
2026-09-01T07:05:57.898Z,52.0389,-169.3391,42.225,4.5,mb,71,180,0.98,1.25,us,us7000tdag,2026-09-01T18:27:41.328Z,"105 km SSW of Nikolski, Alaska",earthquake,9.16,8.446,0.051,112,reviewed,us,us
2026-09-01T06:44:36.948Z,52.2132,-169.4456,26.001,5.3,mww,129,104,0.599,0.84,us,us7000tdab,2026-09-01T07:37:07.844Z,"89 km SSW of Nikolski, Alaska",earthquake,6.4,4.369,0.062,25,reviewed,us,us
2026-09-01T06:15:13.772Z,30.778,51.5353,10,4.5,mb,45,82,6.504,0.61,us,us7000tda7,2026-09-01T06:48:51.040Z,"13 km NNW of Yasuj, Iran",earthquake,9.69,1.924,0.091,35,reviewed,us,us
2026-09-01T05:06:33.349Z,-4.2388,131.0442,35,4.6,mb,26,102,8.55,1.07,us,us7000td9v,2026-09-01T05:26:29.040Z,"201 km SW of Fakfak, Indonesia",earthquake,13.77,1.949,0.109,25,reviewed,us,us
2026-09-01T01:29:10.774Z,-20.4066,-177.994,533.035,4.8,mb,69,63,4.581,1,us,us7000td8u,2026-09-01T01:44:48.040Z,"292 km WNW of Houma, Tonga",earthquake,5.83,7.761,0.039,206,reviewed,us,us
2026-08-31T20:00:29.055Z,-9.0154,158.1558,10,4.8,mb,34,74,1.818,0.7,us,us7000td6k,2026-08-31T20:28:22.040Z,"176 km SE of Gizo, Solomon Islands",earthquake,12.89,1.882,0.093,36,reviewed,us,us
2026-08-31T18:56:28.892Z,12.244,-88.4432,35,4.6,mb,39,177,1.223,0.47,us,us7000td5l,2026-08-31T19:11:48.040Z,"112 km SSW of Chirilagua, El Salvador",earthquake,4.48,1.97,0.062,77,reviewed,us,us
2026-08-31T11:53:26.405Z,-12.1824,-75.4097,10,4.7,mb,46,107,1.414,0.81,us,us7000td3y,2026-08-31T18:21:14.706Z,"3 km NW of Yanacancha, Peru",earthquake,8,1.928,0.067,67,reviewed,us,us
2026-08-31T09:19:57.841Z,45.1453,148.2193,147.811,4.6,mb,62,134,4.145,1.06,us,us7000td3c,2026-08-31T10:09:43.040Z,"28 km ESE of Kuril’sk, Russia",earthquake,10.91,7.505,0.048,131,reviewed,us,us
2026-08-31T08:03:28.497Z,-8.241,120.6119,10,5.5,mb,82,46,3.318,1.17,us,us7000td2z,2026-09-01T08:13:36.732Z,"44 km NNE of Ruteng, Indonesia",earthquake,8.51,1.86,0.075,61,reviewed,us,us
2026-08-31T04:38:22.200Z,-25.2065,179.8021,508.306,4.5,mb,39,94,4.501,1.03,us,us7000td2f,2026-08-31T04:52:25.040Z,"south of the Fiji Islands",earthquake,12.73,8.867,0.071,58,reviewed,us,us
2026-08-31T04:04:34.127Z,9.6408,126.1362,83.891,4.9,mb,49,45,13.969,0.97,us,us7000td2c,2026-08-31T05:20:18.251Z,"13 km SSE of Union, Philippines",earthquake,10.73,6.268,0.092,37,reviewed,us,us
2026-08-31T01:08:05.874Z,-9.6152,-79.0145,59.386,4.5,mb,38,137,3.18,0.83,us,us7000td1g,2026-08-31T02:21:50.040Z,"71 km WSW of Puerto Casma, Peru",earthquake,13.75,9.917,0.078,48,reviewed,us,us
2026-08-30T22:08:03.257Z,-36.8873,177.4474,180.094,4.5,mb,16,197,0.961,0.98,us,us7000td0v,2026-08-31T04:16:59.040Z,"109 km NW of Hicks Bay, New Zealand",earthquake,10.87,9.446,0.156,12,reviewed,us,us
2026-08-30T22:07:25.896Z,-3.9287,141.3649,52.064,4.5,mb,30,113,1.552,0.49,us,us7000td0w,2026-08-31T01:34:09.040Z,"137 km S of Vanimo, Papua New Guinea",earthquake,6.64,7.648,0.121,20,reviewed,us,us
2026-08-30T18:18:49.879Z,-3.85,141.779,46.147,4.5,mb,45,69,1.707,0.75,us,us7000tczy,2026-08-30T19:30:12.040Z,"101 km SW of Aitape, Papua New Guinea",earthquake,5.94,6.19,0.092,35,reviewed,us,us
2026-08-30T16:04:07.774Z,-18.2459,-69.6387,102.036,4.7,mb,68,66,0.153,1.22,us,us7000tczt,2026-08-30T20:33:00.831Z,"62 km SSE of Palca, Peru",earthquake,6.24,5.008,0.041,178,reviewed,us,us
2026-08-30T14:50:32.433Z,42.3245,80.5213,10,4.6,mb,39,83,1.259,1.06,us,us7000tczi,2026-08-30T18:29:03.040Z,"128 km N of Aksu, China",earthquake,8.08,1.913,0.125,19,reviewed,us,us
2026-08-30T11:03:03.581Z,-8.1634,120.6265,10,4.6,mb,24,96,3.247,0.79,us,us7000tcyr,2026-08-30T11:51:05.040Z,"52 km NNE of Ruteng, Indonesia",earthquake,11.88,1.91,0.125,19,reviewed,us,us
2026-08-30T09:13:55.515Z,-23.414,-179.9128,532.696,4.5,mb,61,67,6.073,0.83,us,us7000tcy0,2026-08-30T09:31:42.040Z,"south of the Fiji Islands",earthquake,12.05,8.179,0.05,117,reviewed,us,us
2026-08-30T09:02:09.229Z,-30.1462,-177.8882,35,5.8,mb,79,65,0.899,1.05,us,us7000tcxn,2026-08-31T09:11:20.774Z,"Kermadec Islands, New Zealand",earthquake,4.37,1.827,0.029,435,reviewed,us,us
2026-08-30T08:09:44.363Z,51.5864,159.1009,54.889,4.5,mb,38,137,1.75,1.01,us,us7000tcxi,2026-08-30T12:59:14.040Z,"156 km SSE of Vilyuchinsk, Russia",earthquake,12.42,7.671,0.088,38,reviewed,us,us
2026-08-30T07:37:53.032Z,-3.4659,101.6611,78.208,4.9,mb,39,76,5.661,1,us,us7000tcxc,2026-08-30T08:04:56.836Z,"76 km WNW of Bengkulu, Indonesia",earthquake,12.51,7.329,0.098,33,reviewed,us,us
2026-08-30T05:19:51.149Z,-22.1794,-70.4392,52.115,4.7,mb,53,138,0.649,1.22,us,us7000tcwp,2026-08-30T20:34:08.278Z,"26 km WSW of Tocopilla, Chile",earthquake,4.89,6.706,0.043,161,reviewed,us,us
2026-08-30T04:29:14.480Z,1.3834,126.3683,35.107,4.7,mb,37,122,14.185,1.07,us,us7000tcwg,2026-08-30T22:17:05.040Z,"130 km WNW of Ternate, Indonesia",earthquake,14.24,4.418,0.1,30,reviewed,us,us
2026-08-30T03:55:28.753Z,-56.4575,-27.0033,135.686,5.1,mb,48,71,5.83,0.85,us,us7000tcwd,2026-08-30T04:10:47.040Z,"South Sandwich Islands region",earthquake,11.93,8.073,0.065,78,reviewed,us,us
2026-08-30T00:14:19.915Z,42.0423,142.6167,63.625,4.5,mb,41,119,0.404,0.72,us,us7000tcvt,2026-08-30T03:22:38.040Z,"18 km SW of Urakawa, Japan",earthquake,6.23,7.14,0.093,34,reviewed,us,us
2026-08-29T23:26:17.542Z,-22.6579,-67.5745,158.92,4.5,mb,40,71,0.63,0.81,us,us7000tcvp,2026-08-30T05:39:20.407Z,"70 km ENE of San Pedro de Atacama, Chile",earthquake,6.4,6.011,0.112,23,reviewed,us,us
2026-08-29T22:35:22.010Z,40.1538,19.8822,10,4.8,mb,76,45,1.088,0.88,us,us7000tcvf,2026-08-31T12:46:38.705Z,"13 km ENE of Himarë, Albania",earthquake,3.98,1.866,0.068,67,reviewed,us,us
2026-08-29T21:00:19.499Z,29.9927,131.0784,35,4.8,mb,43,129,1.605,0.68,us,us7000tcv5,2026-08-29T21:56:50.040Z,"58 km ESE of Koshima, Japan",earthquake,8.55,1.93,0.081,49,reviewed,us,us
2026-08-29T19:36:06.021Z,14.4444,51.4684,10,4.6,mb,31,98,6.859,1.17,us,us7000tcyu,2026-08-30T12:31:27.040Z,"209 km SSW of Al Ghayz̧ah, Yemen",earthquake,10.69,1.926,0.114,23,reviewed,us,us
2026-08-29T15:17:06.003Z,35.8029,140.9937,34.783,4.7,mww,124,120,2.37,1.06,us,us7000tcu2,2026-08-31T23:40:43.898Z,"16 km ENE of Hasaki, Japan",earthquake,8.69,5.312,0.089,12,reviewed,us,us
2026-08-29T15:16:55.105Z,54.821,-156.951,5,4.8,ml,300,150,1.7,1.1,ak,aka2026rcluqc,2026-08-31T12:06:38.040Z,"184 km SE of Perryville, Alaska",earthquake,3.1,0,0.1,111,reviewed,ak,ak
2026-08-29T12:32:52.747Z,36.2182,27.5734,14.336,4.5,mb,42,55,0.443,0.61,us,us7000tctp,2026-08-30T04:56:31.040Z,"25 km W of Émponas, Greece",earthquake,3.6,4.449,0.081,45,reviewed,us,us
2026-08-29T10:50:24.152Z,4.5688,-76.8503,58.147,4.5,mb,41,104,2.08,1.04,us,us7000tcth,2026-08-29T17:59:09.382Z,"24 km WSW of Sipí, Colombia",earthquake,8.37,8.827,0.065,70,reviewed,us,us
2026-08-29T09:15:46.801Z,-8.588,127.2223,10,4.7,mb,33,96,5.714,0.63,us,us7000tct6,2026-08-29T09:51:31.040Z,"25 km ESE of Lospalos, Timor Leste",earthquake,11.37,1.886,0.096,33,reviewed,us,us
2026-08-29T08:08:45.662Z,-0.7032,126.9069,41.899,5,mb,70,64,8.329,0.57,us,us7000tcsu,2026-08-29T08:28:19.040Z,"64 km W of Labuha, Indonesia",earthquake,9.45,7.614,0.067,72,reviewed,us,us
2026-08-29T07:10:54.010Z,-57.4587,-25.7887,89.886,4.9,mb,50,68,6.808,0.8,us,us7000tcsm,2026-08-29T07:27:19.040Z,"South Sandwich Islands region",earthquake,11.8,7.324,0.081,48,reviewed,us,us
2026-08-29T06:32:54.139Z,9.976,126.3482,60.935,4.8,mb,68,111,2.986,1.13,us,us7000tcsc,2026-08-29T09:46:04.175Z,"29 km ENE of Pilar, Philippines",earthquake,11.72,6.134,0.058,94,reviewed,us,us
2026-08-29T05:40:06.207Z,-31.8483,56.9522,10,5.1,mb,68,49,10.689,0.68,us,us7000tcs7,2026-08-29T05:56:57.040Z,"Southwest Indian Ridge",earthquake,10.05,1.858,0.071,65,reviewed,us,us
2026-08-29T04:48:42.059Z,44.8019,149.9582,43.998,4.6,mb,47,183,5.316,0.68,us,us7000tcrx,2026-08-29T05:07:39.040Z,"170 km ESE of Kuril’sk, Russia",earthquake,12.89,10.056,0.07,62,reviewed,us,us
2026-08-29T02:41:11.610Z,40.45,-125.27233333333,10,4.74,mw,149,239,0.7061,0.28,nc,nc75426637,2026-09-01T02:51:15.071Z,"85 km W of Petrolia, CA",earthquake,0.67,31.61,,33,reviewed,nc,nc
2026-08-28T23:55:58.905Z,37.422,22.7096,89.639,4.5,mb,43,86,0.671,0.68,us,us7000tcqr,2026-08-29T06:04:06.440Z,"2 km NNW of Ástros, Greece",earthquake,5.22,5.264,0.077,50,reviewed,us,us
2026-08-28T23:10:36.399Z,39.6554,143.2337,34.933,4.8,mww,63,134,2.01,0.61,us,us7000tcqg,2026-08-28T23:44:20.040Z,"110 km E of Miyako, Japan",earthquake,7.76,5.52,0.098,10,reviewed,us,us
2026-08-28T22:07:33.184Z,42.2861,80.5254,10,4.9,mb,62,97,1.292,0.78,us,us7000tcq8,2026-08-28T22:32:02.040Z,"124 km N of Aksu, China",earthquake,7.22,1.901,0.06,87,reviewed,us,us
2026-08-28T20:44:36.759Z,-18.8677,-69.9747,87.955,4.5,mb,80,71,0.605,0.91,us,us7000tcpf,2026-08-29T14:26:23.040Z,"38 km NNE of Cuya, Chile",earthquake,4.49,3.988,0.066,68,reviewed,us,us
2026-08-28T20:19:38.305Z,-6.211,151.7381,10,5,mb,36,161,2.051,0.87,us,us7000tcp5,2026-08-28T20:37:06.040Z,"191 km ESE of Kimbe, Papua New Guinea",earthquake,10.69,1.913,0.077,54,reviewed,us,us
2026-08-28T19:12:55.174Z,-28.3225,62.5441,10,4.9,mb,77,44,8.562,0.71,us,us7000tcnj,2026-08-28T19:45:37.040Z,"Southwest Indian Ridge",earthquake,8.5,1.846,0.067,71,reviewed,us,us
2026-08-28T14:11:54.373Z,-21.2109,-68.5089,131.354,4.6,mb,37,47,0.897,1.07,us,us7000tcjv,2026-08-28T14:38:49.040Z,"26 km W of Ollagüe, Chile",earthquake,6.41,6.913,0.111,24,reviewed,us,us
2026-08-28T12:21:36.915Z,-3.6651,141.2038,10,4.5,mb,26,71,1.247,0.86,us,us7000tcjf,2026-08-28T12:40:19.040Z,"109 km S of Vanimo, Papua New Guinea",earthquake,8.14,1.895,0.122,20,reviewed,us,us
2026-08-28T10:23:05.552Z,-6.9733,127.3738,10,4.6,mb,13,134,6.909,0.62,us,us7000tcj1,2026-08-28T12:53:31.040Z,"176 km NNE of Lospalos, Timor Leste",earthquake,11.04,1.911,0.151,13,reviewed,us,us
2026-08-28T10:11:33.232Z,25.8399,125.2609,131.746,4.5,mb,62,45,1.726,1.18,us,us7000tcit,2026-08-28T17:12:51.040Z,"114 km N of Hirara, Japan",earthquake,8.34,7.785,0.062,77,reviewed,us,us
2026-08-28T09:12:17.255Z,52.1245,160.6615,10,5,mb,75,111,2.057,0.98,us,us7000tcii,2026-08-28T09:32:30.040Z,"172 km SE of Petropavlovsk-Kamchatsky, Russia",earthquake,8.65,1.858,0.038,225,reviewed,us,us
2026-08-28T08:32:35.971Z,-19.2675,168.2841,10,5,mb,36,147,3.371,0.62,us,us7000tcig,2026-08-28T20:55:31.580Z,"109 km WNW of Isangel, Vanuatu",earthquake,10.51,1.901,0.101,31,reviewed,us,us
2026-08-28T05:13:35.070Z,29.2752,105.229,10,5,mb,46,36,6.786,0.83,us,us7000tcht,2026-08-28T05:31:06.040Z,"19 km NW of Fuji, China",earthquake,9.73,1.887,0.076,55,reviewed,us,us
2026-08-28T04:59:06.623Z,-50.116,111.5852,10,5.2,mb,34,89,16.219,0.38,us,us7000tchl,2026-08-28T05:14:34.040Z,"southeast Indian Ridge",earthquake,12.91,1.904,0.105,30,reviewed,us,us
2026-08-28T02:39:17.518Z,8.4191,-103.4604,10,5,mww,52,194,10.261,0.65,us,us7000tch3,2026-08-28T03:03:05.040Z,"northern East Pacific Rise",earthquake,12.28,1.954,0.098,10,reviewed,us,us
2026-08-28T00:43:06.031Z,1.7526,126.8948,74.035,4.6,mb,43,98,7.084,0.62,us,us7000tcgq,2026-08-28T01:14:34.040Z,"119 km NNW of Ternate, Indonesia",earthquake,10.35,7.192,0.085,43,reviewed,us,us
2026-08-27T23:02:58.920Z,-20.3798,-177.6957,520.313,4.9,mb,67,39,4.777,0.89,us,us7000tcgb,2026-08-27T23:19:04.040Z,"264 km WNW of Houma, Tonga",earthquake,9.13,6.88,0.045,151,reviewed,us,us
2026-08-27T22:13:31.133Z,42.0315,142.2416,63.668,4.6,mb,64,119,0.682,0.66,us,us7000tcfw,2026-08-27T23:48:56.040Z,"35 km SSW of Shizunai-furukawachō, Japan",earthquake,5.6,6.824,0.057,91,reviewed,us,us
2026-08-27T21:07:38.352Z,13.2654,50.5425,10,6,mww,92,27,6.114,0.88,us,us7000tcf3,2026-08-29T08:15:50.757Z,"145 km N of Caluula, Somalia",earthquake,9.45,1.851,0.049,40,reviewed,us,us
2026-08-27T19:54:41.264Z,40.6244,142.2551,63.827,4.8,mb,94,121,0.92,0.59,us,us7000tcef,2026-08-27T20:50:19.040Z,"63 km NE of Kuji, Japan",earthquake,3.57,6.646,0.047,137,reviewed,us,us
2026-08-27T18:43:40.284Z,6.0157,125.6536,10,4.9,mb,69,103,1.05,1.15,us,us7000tcdu,2026-08-30T03:47:03.234Z,"3 km WNW of Mangili, Philippines",earthquake,9.9,1.878,0.057,97,reviewed,us,us
2026-08-27T17:40:41.549Z,-17.5572,-69.6195,141.956,4.5,mb,64,87,0.137,1.21,us,us7000tcc3,2026-08-27T18:48:26.040Z,"42 km E of Estique, Peru",earthquake,7.62,5.9,0.08,45,reviewed,us,us
2026-08-27T16:31:59.641Z,-7.8456,120.3479,10,4.8,mb,27,83,2.875,1.27,us,us7000tcaf,2026-08-28T14:58:03.040Z,"85 km N of Ruteng, Indonesia",earthquake,4.47,1.856,0.131,21,reviewed,us,us
2026-08-27T16:21:22.987Z,4.5178,-76.6738,63.976,4.5,mb,43,103,2.015,1.1,us,us7000tca5,2026-08-28T14:18:46.040Z,"15 km SSW of Sipí, Colombia",earthquake,7.62,7.951,0.087,39,reviewed,us,us
2026-08-27T15:25:29.295Z,4.5157,-76.6986,65.125,4.7,mb,59,103,2.031,1.1,us,us7000tc9s,2026-08-28T13:25:40.040Z,"16 km SSW of Sipí, Colombia",earthquake,7.15,7.454,0.053,108,reviewed,us,us
2026-08-27T14:45:48.054Z,33.2423,86.9395,10,5,mb,75,53,11.429,0.85,us,us7000tc9m,2026-08-27T15:06:59.040Z,"western Xizang",earthquake,9.17,1.792,0.053,118,reviewed,us,us
2026-08-27T14:30:20.017Z,53.0654,-163.4304,10,4.8,mb,89,133,1.623,0.89,us,us7000tc9g,2026-08-27T17:59:52.191Z,"195 km SE of Akutan, Alaska",earthquake,5.21,1.869,0.039,205,reviewed,us,us
2026-08-27T12:17:26.186Z,-19.7789,173.3354,10,4.5,mb,17,113,4.906,0.74,us,us7000tcxk,2026-08-30T08:58:47.040Z,"Vanuatu region",earthquake,13.72,1.91,0.164,11,reviewed,us,us
2026-08-27T11:47:16.381Z,-26.0744,70.7736,10,4.9,mb,31,89,27.393,0.58,us,us7000tc95,2026-08-27T12:05:26.040Z,"Indian Ocean Triple Junction",earthquake,8.78,1.854,0.11,26,reviewed,us,us
2026-08-27T10:33:24.325Z,-8.0324,120.0539,10,5.3,mb,64,44,3.013,1.17,us,us7000tc8j,2026-08-27T10:48:42.040Z,"54 km NNE of Labuan Bajo, Indonesia",earthquake,7.37,1.858,0.079,53,reviewed,us,us
2026-08-27T09:33:59.785Z,51.4769,160.2665,10,4.5,mb,18,214,2.271,1.23,us,us7000tc8e,2026-08-27T10:59:19.040Z,"205 km SE of Vilyuchinsk, Russia",earthquake,7.91,1.964,0.135,16,reviewed,us,us
2026-08-27T05:44:26.043Z,24.2906,142.7624,10,5.3,mb,74,96,9.449,0.86,us,us7000tc7l,2026-08-27T06:00:50.040Z,"Volcano Islands, Japan region",earthquake,10.78,1.855,0.035,276,reviewed,us,us
2026-08-27T04:19:08.168Z,-22.5672,-20.2977,10,5.1,mb,67,43,19.918,0.96,us,us7000tc56,2026-08-27T04:34:12.040Z,"South Atlantic Ocean",earthquake,11.24,1.863,0.078,53,reviewed,us,us
2026-08-26T22:23:12.424Z,-35.3195,-71.4471,80.639,4.7,mb,32,145,0.443,0.58,us,us7000tc3j,2026-08-28T03:13:58.040Z,"22 km ENE of Talca, Chile",earthquake,5.6,5.623,0.175,10,reviewed,us,us
2026-08-26T21:47:20.969Z,22.8296,121.4502,42.104,4.6,mwr,48,103,0.342,0.69,us,us7000tc37,2026-08-27T12:52:14.370Z,"106 km ESE of Yujing, Taiwan",earthquake,6.38,4.78,0.057,30,reviewed,us,us
2026-08-26T19:50:08.291Z,-13.9457,168.9143,10,4.5,mb,16,279,7.917,0.98,us,us7000tc21,2026-08-27T03:44:20.514Z,"147 km E of Sola, Vanuatu",earthquake,45.37,2.026,0.15,13,reviewed,us,us
2026-08-26T19:21:42.872Z,38.1821,143.8447,16.05,5.6,mww,258,62,3.377,0.77,us,us7000tc18,2026-08-27T19:31:58.869Z,"209 km ESE of Ōfunato, Japan",earthquake,18.49,5.269,0.043,51,reviewed,us,us
2026-08-26T18:34:58.482Z,-8.3333,120.6143,10,4.7,mb,31,77,3.407,0.63,us,us7000tc0p,2026-08-26T20:51:18.040Z,"34 km NNE of Ruteng, Indonesia",earthquake,4.97,1.894,0.106,27,reviewed,us,us
2026-08-26T18:23:13.728Z,-8.3107,120.6979,10,4.9,mb,55,49,3.407,0.58,us,us7000tc0k,2026-08-26T18:58:07.040Z,"42 km NE of Ruteng, Indonesia",earthquake,7.71,0.723,0.087,44,reviewed,us,us
2026-08-26T16:45:14.599Z,6.737,-73.0596,159.913,4.9,mww,120,30,0.839,0.62,us,us7000tbzn,2026-08-29T12:13:13.162Z,"4 km E of Jordán, Colombia",earthquake,7.36,5.96,0.086,13,reviewed,us,us
2026-08-26T14:25:41.270Z,-11.0416,165.7947,71.191,4.9,mb,67,109,5.971,0.74,us,us7000tbyz,2026-08-26T14:50:59.040Z,"35 km S of Lata, Solomon Islands",earthquake,11.33,7.456,0.075,56,reviewed,us,us
2026-08-26T14:15:31.234Z,-8.3715,121.5083,10,5,mww,71,51,3.052,0.76,us,us7000tbyu,2026-08-26T14:39:54.040Z,"54 km NNW of Ende, Indonesia",earthquake,7.36,1.654,0.089,12,reviewed,us,us
2026-08-26T11:38:21.908Z,-57.4436,-65.3176,10,4.5,mb,26,143,2.83,0.66,us,us7000tbyh,2026-08-28T17:55:51.040Z,"Drake Passage",earthquake,9.87,1.972,0.121,20,reviewed,us,us
2026-08-26T09:51:22.122Z,21.5368,122.3274,10,4.6,mb,45,109,1.721,0.5,us,us7000tby1,2026-08-26T10:59:59.040Z,"126 km NNE of Basco, Philippines",earthquake,9.33,1.902,0.098,31,reviewed,us,us
2026-08-26T09:47:34.473Z,-8.3296,121.337,10,4.6,mb,31,95,3.222,0.68,us,us7000tbxz,2026-08-26T14:39:24.040Z,"67 km NNW of Ende, Indonesia",earthquake,6.11,1.927,0.129,18,reviewed,us,us
2026-08-26T07:32:17.399Z,44.6862,146.4404,159.458,4.7,mb,68,131,2.815,0.77,us,us7000tbxl,2026-08-26T07:52:00.040Z,"82 km NE of Otrada, Russia",earthquake,10.52,7.469,0.028,373,reviewed,us,us
2026-08-26T06:54:52.876Z,39.7276,143.6596,10,4.8,mb,55,135,2.251,0.89,us,us7000tbxf,2026-08-26T07:12:47.040Z,"147 km E of Miyako, Japan",earthquake,7.86,1.874,0.05,123,reviewed,us,us
2026-08-26T05:45:05.013Z,-52.7725,11.6756,10,4.8,mb,28,95,21.427,0.9,us,us7000tbx8,2026-08-26T06:39:31.040Z,"southwest of Africa",earthquake,14.53,1.869,0.135,19,reviewed,us,us
2026-08-26T02:52:10.000Z,28.271,85.515,0,5.2,ms_vx,0,,,11.91,us,us7000tbwb,2026-08-28T06:58:30.526Z,"55 km NW of Kodāri̇̄, Nepal",landslide,0,0,0.09,26,reviewed,us,us
2026-08-26T02:24:09.415Z,36.4889,71.3629,93.702,4.5,mb,67,69,2.028,0.57,us,us7000tbw6,2026-08-26T03:06:24.040Z,"26 km SW of Ashkāsham, Afghanistan",earthquake,6.97,7.689,0.075,52,reviewed,us,us
2026-08-26T02:05:46.773Z,-6.6192,127.5468,10,4.5,mb,12,127,3.138,0.72,us,us7000tbw5,2026-08-26T02:21:12.040Z,"218 km NNE of Lospalos, Timor Leste",earthquake,6.47,1.934,0.18,9,reviewed,us,us
2026-08-26T01:48:11.757Z,-6.6411,127.493,11.628,4.8,mb,38,95,3.192,0.49,us,us7000tbw3,2026-08-26T02:58:07.040Z,"215 km NNE of Lospalos, Timor Leste",earthquake,6.44,4.669,0.102,30,reviewed,us,us
2026-08-26T01:31:55.012Z,-7.813,120.2856,10,4.6,mb,21,83,2.831,0.53,us,us7000tbw1,2026-08-26T02:33:49.040Z,"87 km NNE of Labuan Bajo, Indonesia",earthquake,9.16,1.936,0.146,14,reviewed,us,us
2026-08-25T22:23:25.237Z,-0.5066,-19.8654,10,4.7,mb,38,72,9.193,0.64,us,us7000tc8w,2026-08-27T11:29:57.040Z,"central Mid-Atlantic Ridge",earthquake,12.03,1.875,0.088,39,reviewed,us,us
2026-08-25T21:23:59.352Z,-8.2554,120.7135,9.418,4.9,mb,42,66,3.359,0.82,us,us7000tbup,2026-08-26T03:37:40.040Z,"47 km NE of Ruteng, Indonesia",earthquake,8.13,1.829,0.11,26,reviewed,us,us
2026-08-25T20:23:36.308Z,37.2686,141.8893,35,4.7,mb,74,126,3.038,1.16,us,us7000tbu3,2026-08-25T23:19:00.000Z,"77 km E of Tomioka, Japan",earthquake,8.62,1.91,0.051,117,reviewed,us,us
2026-08-25T16:23:33.830Z,-14.235,170.4985,628.976,4.5,mb,125,53,8.058,0.64,us,us7000tbsj,2026-08-25T16:41:45.040Z,"Vanuatu region",earthquake,11.51,9.151,0.038,201,reviewed,us,us
2026-08-25T15:15:54.340Z,-17.4086,-171.8992,10,5.2,mww,127,40,2.503,0.75,us,us6000tnd7,2026-08-26T13:50:00.040Z,"258 km SE of Hihifo, Tonga",earthquake,6.95,1.58,0.08,15,reviewed,us,us
2026-08-25T14:58:54.052Z,-8.0758,120.6333,10,5,mb,62,67,3.165,0.83,us,us6000tnd4,2026-08-26T13:47:17.040Z,"62 km NNE of Ruteng, Indonesia",earthquake,6.63,1.808,0.08,52,reviewed,us,us
2026-08-25T12:12:03.252Z,-23.3497,179.8207,528.283,5.5,mww,71,56,5.817,0.91,us,us6000tnci,2026-08-26T12:20:35.894Z,"south of the Fiji Islands",earthquake,11.14,7.762,0.083,14,reviewed,us,us
2026-08-25T11:29:44.762Z,-3.6519,127.3328,10,4.9,mb,67,76,2.707,0.64,us,us6000tncc,2026-08-25T12:52:32.040Z,"94 km W of Ambon, Indonesia",earthquake,8.65,1.862,0.067,71,reviewed,us,us
2026-08-25T09:07:20.740Z,43.045,145.6343,96.855,5,mb,81,121,2.1,0.74,us,us6000tnbv,2026-08-25T09:27:27.040Z,"31 km S of Nemuro, Japan",earthquake,8.97,6.851,0.027,434,reviewed,us,us
2026-08-25T07:00:10.853Z,22.6053,121.5709,14.608,5.5,mww,101,28,0.5,1.05,us,us6000tnbm,2026-08-26T07:09:27.608Z,"108 km NE of Hengchun, Taiwan",earthquake,5.4,3.358,0.066,22,reviewed,us,us
2026-08-25T06:48:20.910Z,3.4176,124.4529,322.862,4.6,mb,80,67,3.797,0.73,us,us6000tnbk,2026-08-25T07:03:32.040Z,"218 km NNW of Manado, Indonesia",earthquake,8.64,7.586,0.055,98,reviewed,us,us
2026-08-25T03:06:19.912Z,-6.6149,127.5589,10.169,4.7,mb,24,64,3.126,0.75,us,us6000tnal,2026-08-25T03:39:55.040Z,"219 km NNE of Lospalos, Timor Leste",earthquake,8.1,4.898,0.133,17,reviewed,us,us
2026-08-25T01:59:04.254Z,9.0329,126.8546,13.458,4.7,mb,54,107,2.324,0.62,us,us6000tnai,2026-08-25T02:54:54.040Z,"61 km ENE of Aras-asan, Philippines",earthquake,8.79,4.345,0.079,49,reviewed,us,us
2026-08-25T01:22:25.241Z,-6.9731,155.6413,109.317,4.5,mb,24,136,4.429,0.37,us,us6000tnaa,2026-08-25T01:42:09.040Z,"74 km SSE of Panguna, Papua New Guinea",earthquake,9.54,7.518,0.124,19,reviewed,us,us
2026-08-25T01:18:46.243Z,34.462,70.463,10,4.9,mb,73,104,1.098,1.07,us,us6000tna9,2026-08-31T19:51:01.708Z,"4 km NNE of Jalālābād, Afghanistan",earthquake,5.81,1.84,0.073,58,reviewed,us,us
2026-08-25T00:05:24.071Z,-8.3932,120.2483,10,4.9,mb,38,105,3.393,0.76,us,us6000tn9w,2026-08-25T23:31:53.040Z,"33 km NW of Ruteng, Indonesia",earthquake,11.47,1.841,0.101,31,reviewed,us,us
2026-08-24T23:26:56.073Z,23.7942,124.9285,10,4.5,mb,27,135,0.861,1.82,us,us6000tn9r,2026-08-30T23:57:47.040Z,"99 km SE of Ishigaki, Japan",earthquake,7.55,1.903,0.145,14,reviewed,us,us
2026-08-24T21:21:35.730Z,-44.566,-15.4052,10,4.6,mb,18,87,33.597,0.54,us,us7000tcmp,2026-08-30T23:09:42.040Z,"southern Mid-Atlantic Ridge",earthquake,10.98,1.897,0.141,15,reviewed,us,us
2026-08-24T21:02:15.452Z,-6.3704,151.5046,10,4.6,mb,23,161,2.262,0.73,us,us6000tn8w,2026-08-30T22:42:24.040Z,"176 km ESE of Kimbe, Papua New Guinea",earthquake,14.26,1.918,0.119,21,reviewed,us,us
2026-08-24T19:00:03.416Z,-6.6912,127.5019,9.947,5,mb,56,47,3.218,0.97,us,us6000tn80,2026-08-24T20:17:51.040Z,"209 km NNE of Lospalos, Timor Leste",earthquake,7.26,4.158,0.087,42,reviewed,us,us
2026-08-24T18:07:01.131Z,40.4314,142.9057,35,4.5,mb,64,134,1.446,0.62,us,us6000tn7i,2026-08-31T14:01:21.040Z,"99 km ENE of Noda, Japan",earthquake,5.69,1.587,0.07,60,reviewed,us,us
2026-08-24T16:25:23.787Z,18.6678,145.6811,204.668,4.7,mb,81,43,3.416,0.99,us,us6000tn6z,2026-08-30T16:57:32.040Z,"Pagan region, Northern Mariana Islands",earthquake,9.61,5.685,0.033,277,reviewed,us,us
2026-08-24T15:27:31.932Z,25.9821,128.7039,10,4.9,mb,54,78,2.275,1.15,us,us6000tn4p,2026-08-30T15:41:57.040Z,"90 km SE of Taira, Japan",earthquake,7,1.878,0.063,80,reviewed,us,us
2026-08-24T15:12:14.710Z,-7.793,120.4309,10,4.8,mb,32,84,2.842,0.72,us,us6000tn4m,2026-08-30T15:25:52.040Z,"90 km N of Ruteng, Indonesia",earthquake,8.4,1.894,0.124,21,reviewed,us,us
2026-08-24T14:10:17.299Z,-6.6264,127.4598,10,6,mww,111,24,3.208,0.78,us,us6000tn41,2026-08-25T14:19:39.675Z,"215 km NNE of Lospalos, Timor Leste",earthquake,6.85,1.836,0.051,37,reviewed,us,us
2026-08-24T12:29:31.627Z,-17.7036,-13.8368,10,5,mb,50,89,7.939,0.51,us,us6000tn3t,2026-08-24T12:48:44.040Z,"southern Mid-Atlantic Ridge",earthquake,12.34,1.888,0.076,55,reviewed,us,us
2026-08-24T10:19:43.962Z,-18.1013,-171.9977,10,4.9,mb,30,154,19.783,0.75,us,us6000tn37,2026-08-24T10:46:12.040Z,"218 km ENE of Neiafu, Tonga",earthquake,13.95,1.916,0.104,29,reviewed,us,us
2026-08-24T10:02:58.888Z,-5.0525,129.6871,10,5.5,mww,79,27,0.569,1.02,us,us6000tn33,2026-08-25T10:13:27.828Z,"207 km SSE of Amahai, Indonesia",earthquake,5.77,1.854,0.073,18,reviewed,us,us
2026-08-24T09:10:38.473Z,26.3857,142.5236,10,4.6,mb,26,153,0.769,1.03,us,us7000tcm5,2026-08-31T07:11:01.040Z,"Bonin Islands, Japan region",earthquake,8.13,1.225,0.141,18,reviewed,us,us
2026-08-24T07:37:17.435Z,9.9853,-83.9132,10,4.9,mb,103,74,0.196,0.57,us,us6000tn2j,2026-08-29T04:36:11.732Z,"10 km NNW of Cot, Costa Rica",earthquake,7,1.905,0.042,177,reviewed,us,us
2026-08-24T05:40:47.930Z,-20.9867,-176.289,209.196,4.5,mb,62,105,6.085,0.71,us,us6000tn2d,2026-08-24T06:08:51.040Z,"104 km WNW of Houma, Tonga",earthquake,12.19,7.421,0.074,54,reviewed,us,us
2026-08-24T05:04:04.171Z,-28.143,-67.1543,129.457,4.5,mb,95,65,3.236,0.61,us,us6000tn29,2026-08-24T06:42:11.040Z,"41 km ESE of Tinogasta, Argentina",earthquake,8.29,7.98,0.042,170,reviewed,us,us
2026-08-24T03:59:33.162Z,5.3312,125.2291,68.263,4.8,mb,29,120,1.762,0.91,us,us6000tn25,2026-08-24T04:12:23.040Z,"27 km WSW of Sarangani, Philippines",earthquake,12.18,8.153,0.109,26,reviewed,us,us
2026-08-24T02:45:08.660Z,-12.6363,-14.921,10,4.9,mb,41,159,21.631,0.66,us,us6000tn1z,2026-08-24T03:11:06.040Z,"southern Mid-Atlantic Ridge",earthquake,15.24,1.93,0.089,40,reviewed,us,us
2026-08-24T02:19:39.063Z,-7.9644,120.4679,10,4.7,mb,25,83,3.016,0.78,us,us6000tn1v,2026-08-24T03:01:59.040Z,"71 km N of Ruteng, Indonesia",earthquake,8.3,1.899,0.123,20,reviewed,us,us
2026-08-24T01:12:59.871Z,-8.2203,120.4857,10,4.6,mb,26,86,4.035,1.26,us,us6000tn1k,2026-08-24T01:54:40.040Z,"43 km N of Ruteng, Indonesia",earthquake,11.13,1.934,0.114,23,reviewed,us,us
2026-08-24T00:26:21.729Z,28.3767,105.0358,10,4.9,mww,92,33,7.642,0.57,us,us6000tn1h,2026-08-30T21:51:16.602Z,"7 km NNW of Bowangshan, China",earthquake,9.43,1.824,0.093,11,reviewed,us,us
2026-08-24T00:22:03.882Z,-7.9116,120.0824,10,4.6,mb,21,125,2.897,0.86,us,us6000tn1g,2026-08-30T21:46:34.040Z,"68 km NNE of Labuan Bajo, Indonesia",earthquake,10.36,1.89,0.128,18,reviewed,us,us
2026-08-23T23:20:34.888Z,52.1915,176.4305,8.129,5,mb,88,82,1.305,0.39,us,us6000tn19,2026-08-30T04:47:30.361Z,"231 km ESE of Attu Station, Alaska",earthquake,5.99,3.487,0.028,408,reviewed,us,us
2026-08-23T22:57:30.450Z,-8.1459,120.6249,10,4.7,mb,46,86,3.23,0.77,us,us6000tn14,2026-08-30T01:25:42.040Z,"54 km NNE of Ruteng, Indonesia",earthquake,7.99,1.872,0.099,31,reviewed,us,us
2026-08-23T21:32:20.989Z,-10.7075,164.6414,10,5.2,mww,73,51,4.791,0.69,us,us6000tn0t,2026-08-30T01:03:22.040Z,"126 km W of Lata, Solomon Islands",earthquake,7.74,1.394,0.073,18,reviewed,us,us
2026-08-23T21:27:01.392Z,-8.5046,119.9371,10,4.5,mb,19,102,3.472,0.76,us,us7000tclj,2026-08-30T00:56:25.040Z,"5 km E of Labuan Bajo, Indonesia",earthquake,7.74,1.91,0.145,14,reviewed,us,us
2026-08-23T21:20:15.850Z,-8.1851,120.8487,10,5.2,mb,71,44,3.333,0.73,us,us6000tn0s,2026-08-30T00:43:59.202Z,"63 km NE of Ruteng, Indonesia",earthquake,7.99,1.743,0.072,64,reviewed,us,us
2026-08-23T20:38:14.973Z,-36.7356,-71.6087,102.487,4.5,mb,42,81,0.983,0.75,us,us6000tn0n,2026-08-23T21:01:36.040Z,"23 km ESE of Coihueco, Chile",earthquake,7.51,7.262,0.092,35,reviewed,us,us
2026-08-23T18:57:38.731Z,5.7891,126.1936,9.989,4.7,mb,48,109,1.411,0.5,us,us6000tn0a,2026-08-23T19:15:52.040Z,"61 km ESE of Mangili, Philippines",earthquake,9.6,4.461,0.076,52,reviewed,us,us
2026-08-23T17:56:30.373Z,-23.1294,-66.457,224.789,4.5,mb,38,90,1.596,0.75,us,us6000tmzy,2026-08-23T18:15:24.040Z,"80 km W of El Aguilar, Argentina",earthquake,7.31,6.705,0.099,30,reviewed,us,us
2026-08-23T17:23:29.822Z,-58.7481,-25.264,35,4.9,mb,56,69,7.648,0.75,us,us6000tmzw,2026-08-23T17:38:53.040Z,"South Sandwich Islands region",earthquake,11.71,1.924,0.072,61,reviewed,us,us
2026-08-23T16:36:15.059Z,42.1645,142.8974,60.411,4.5,mb,48,72,0.244,1.13,us,us6000tmzm,2026-08-30T14:51:46.040Z,"4 km NNW of Honchō, Japan",earthquake,7.3,6.608,0.104,28,reviewed,us,us
2026-08-23T14:05:58.585Z,-7.0152,155.382,10,4.7,mb,51,94,4.258,1.01,us,us6000tmzd,2026-08-30T14:25:50.040Z,"78 km S of Panguna, Papua New Guinea",earthquake,10.52,1.809,0.078,49,reviewed,us,us
2026-08-23T13:44:53.389Z,41.8495,142.802,41,6,mww,136,101,0.312,0.78,us,us6000tmz6,2026-08-29T21:49:33.051Z,"32 km SSW of Honchō, Japan",earthquake,6.25,0.845,0.048,42,reviewed,us,us
2026-08-23T11:22:41.913Z,-12.8299,-14.8524,10,5.3,mb,78,56,4.89,0.78,us,us6000tmyk,2026-08-23T11:39:47.040Z,"southern Mid-Atlantic Ridge",earthquake,10.76,1.866,0.045,166,reviewed,us,us
2026-08-23T10:04:42.433Z,36.7596,74.4767,45.456,4.6,mwr,79,54,2.216,0.72,us,us6000tmy3,2026-08-23T10:31:14.040Z,"52 km NNW of Barishal, Pakistan",earthquake,6.87,5.78,0.071,19,reviewed,us,us
2026-08-23T08:12:38.133Z,-10.9015,162.9618,120.328,5.2,mww,67,96,3.304,0.85,us,us6000tmxn,2026-08-23T08:30:56.040Z,"124 km ESE of Kirakira, Solomon Islands",earthquake,12.2,7.046,0.089,12,reviewed,us,us
2026-08-23T03:44:57.056Z,17.7854,96.0025,10,4.6,mb,22,96,2.875,0.64,us,us6000tmwk,2026-08-23T04:10:28.040Z,"26 km E of Letpandan, Burma (Myanmar)",earthquake,8.52,1.916,0.152,13,reviewed,us,us
2026-08-22T22:01:02.600Z,-8.1213,120.741,10,4.5,mb,17,96,3.239,0.67,us,us6000tmut,2026-08-22T22:53:44.040Z,"62 km NNE of Ruteng, Indonesia",earthquake,9.67,1.941,0.163,11,reviewed,us,us
2026-08-22T21:53:41.193Z,14.1261,-93.3288,10,4.5,mb,48,190,2.432,1.32,us,us6000tmuq,2026-08-22T22:16:57.040Z,"117 km SW of Puerto Madero, Mexico",earthquake,5.19,1.968,0.044,154,reviewed,us,us
2026-08-22T19:54:07.957Z,-0.1709,123.0095,116.29,4.9,mb,68,64,5.808,0.68,us,us6000tmtu,2026-08-22T20:24:30.040Z,"78 km S of Gorontalo, Indonesia",earthquake,9.48,7.171,0.052,117,reviewed,us,us
2026-08-22T18:46:27.765Z,-22.1927,-68.793,105.494,4.6,mwr,55,48,0.902,0.87,us,us6000tmtm,2026-08-22T19:20:00.040Z,"32 km NNE of Calama, Chile",earthquake,4.99,5.089,0.08,15,reviewed,us,us
2026-08-22T17:40:08.982Z,-3.0302,100.8738,43.194,4.5,mb,26,193,2.462,0.91,us,us6000tmte,2026-08-22T17:57:40.040Z,"122 km SSW of Sungai Penuh, Indonesia",earthquake,9.08,8.067,0.135,16,reviewed,us,us
2026-08-22T17:00:39.472Z,35.9375,140.0778,61,5.8,mww,119,47,1.627,0.72,us,us6000tmta,2026-08-25T22:42:17.624Z,"4 km N of Toride, Japan",earthquake,7.27,1.882,0.048,41,reviewed,us,us
2026-08-22T16:42:56.593Z,-7.8936,120.5992,10,4.6,mb,33,60,2.982,1.04,us,us6000tmt8,2026-08-22T17:57:03.040Z,"80 km N of Ruteng, Indonesia",earthquake,7,1.884,0.109,28,reviewed,us,us
2026-08-22T16:33:04.780Z,-3.2971,100.4875,26.342,4.7,mb,75,143,2.68,0.68,us,us6000tmt7,2026-08-22T17:41:19.040Z,"170 km SW of Sungai Penuh, Indonesia",earthquake,7.98,5.595,0.073,57,reviewed,us,us
2026-08-22T08:29:00.857Z,-7.8939,120.6999,10,4.8,mb,29,59,3.012,1.14,us,us6000tmrx,2026-08-22T08:55:44.040Z,"83 km NNE of Ruteng, Indonesia",earthquake,5.41,1.885,0.119,22,reviewed,us,us
2026-08-22T08:22:37.740Z,-60.3789,-47.6047,10,6.2,mww,66,55,8.564,0.66,us,us6000tmrw,2026-08-23T08:28:36.999Z,"Scotia Sea",earthquake,8.64,1.848,0.055,32,reviewed,us,us
2026-08-22T07:43:51.050Z,14.337,145.3295,115.924,4.6,mb,67,83,0.997,0.67,us,us6000tmrq,2026-08-22T08:11:31.040Z,"76 km SSW of San Jose Village, Northern Mariana Islands",earthquake,11.08,7.131,0.07,61,reviewed,us,us
2026-08-22T07:40:12.697Z,-60.2649,-47.2591,10,5.7,mb,55,69,8.359,1.19,us,us6000tmrn,2026-08-23T07:46:20.295Z,"Scotia Sea",earthquake,6.05,1.682,0.053,126,reviewed,us,us
2026-08-22T07:21:25.611Z,12.5208,-44.6327,10,4.9,mb,71,64,10.808,0.94,us,us6000tmri,2026-08-22T07:40:44.040Z,"northern Mid-Atlantic Ridge",earthquake,7.45,1.869,0.041,187,reviewed,us,us
2026-08-22T06:43:39.032Z,6.7397,126.7362,107.802,5,mb,92,105,1.195,0.72,us,us6000tmrf,2026-08-22T07:16:00.101Z,"45 km SE of Lukatan, Philippines",earthquake,9.18,6.423,0.043,176,reviewed,us,us
2026-08-22T05:47:07.443Z,13.8954,146.7194,10,4.9,mb,53,89,1.605,0.78,us,us6000tmra,2026-08-22T07:57:53.792Z,"167 km SE of San Jose Village, Northern Mariana Islands",earthquake,9.53,1.874,0.043,171,reviewed,us,us
2026-08-22T05:45:11.914Z,-8.2301,121.4575,10,4.7,mb,31,76,3.162,0.58,us,us6000tmr7,2026-08-22T06:19:47.040Z,"71 km NNW of Ende, Indonesia",earthquake,5.75,1.884,0.118,22,reviewed,us,us
2026-08-22T04:44:08.744Z,9.3981,125.5805,10,5,mb,38,78,2.313,0.9,us,us6000tmr2,2026-08-22T05:47:44.230Z,"6 km S of Kitcharao, Philippines",earthquake,10.92,1.854,0.086,43,reviewed,us,us
2026-08-22T01:59:28.543Z,-8.3069,120.6927,10,4.6,mb,16,110,3.402,1.78,us,us6000tmq8,2026-08-22T02:20:44.040Z,"42 km NE of Ruteng, Indonesia",earthquake,8.14,1.892,0.141,15,reviewed,us,us
2026-08-22T01:34:57.606Z,-12.7714,-14.8824,10,5.3,mb,55,54,4.836,0.68,us,us6000tmq6,2026-08-22T01:51:45.040Z,"southern Mid-Atlantic Ridge",earthquake,6.23,1.867,0.08,53,reviewed,us,us
2026-08-22T01:30:59.335Z,-8.2752,120.5614,10,5.2,mww,39,61,3.338,0.9,us,us6000tmq5,2026-08-22T01:46:08.040Z,"38 km NNE of Ruteng, Indonesia",earthquake,7.25,0.968,0.093,11,reviewed,us,us
2026-08-21T22:26:03.081Z,-25.5675,-68.8817,102.426,4.7,mb,59,52,0.757,1.29,us,us6000tmnz,2026-08-21T22:56:24.040Z,"147 km NE of Diego de Almagro, Chile",earthquake,6.67,6.63,0.048,133,reviewed,us,us
2026-08-21T20:21:53.693Z,-7.8778,120.6371,10,4.9,mb,79,73,2.978,0.73,us,us6000tmn5,2026-08-22T15:27:21.040Z,"83 km NNE of Ruteng, Indonesia",earthquake,7.6,1.84,0.07,68,reviewed,us,us
2026-08-21T18:05:20.972Z,23.6827,126.8077,10,4.7,mb,71,78,2.453,0.62,us,us6000tmm3,2026-08-21T18:36:05.040Z,"195 km SE of Miyakojima, Japan",earthquake,10.37,1.877,0.055,99,reviewed,us,us
2026-08-21T17:41:44.453Z,-7.5836,104.5501,10,5.7,mww,84,42,3.076,0.76,us,us6000tmlu,2026-08-22T17:50:23.109Z,"194 km SW of Labuan, Indonesia",earthquake,7.28,1.838,0.061,26,reviewed,us,us
2026-08-21T17:06:37.647Z,-7.7653,120.4576,10,4.9,mb,64,62,2.822,0.73,us,us6000tmlk,2026-08-21T17:27:50.040Z,"93 km N of Ruteng, Indonesia",earthquake,9.54,1.874,0.078,52,reviewed,us,us
2026-08-21T16:45:36.257Z,-19.6215,-175.5959,272.943,4.6,mb,40,127,5.719,1.14,us,us6000tmlh,2026-08-29T21:04:03.040Z,"131 km W of Pangai, Tonga",earthquake,12.71,8.353,0.085,42,reviewed,us,us
2026-08-21T16:05:29.136Z,-8.4834,120.1965,10,4.5,mb,15,130,3.475,0.9,us,us6000tmkv,2026-08-29T21:02:21.111Z,"32 km WNW of Ruteng, Indonesia",earthquake,8.69,1.95,0.157,15,reviewed,us,us
2026-08-21T15:49:25.152Z,-35.3404,-105.5777,10,4.5,mb,27,131,27.985,0.91,us,us6000tmyx,2026-08-29T20:59:20.040Z,"southern East Pacific Rise",earthquake,17.39,1.888,0.115,22,reviewed,us,us
2026-08-21T13:44:07.256Z,48.0431,-27.6401,10,4.6,mb,53,116,16.749,0.56,us,us6000tmys,2026-08-29T20:38:21.040Z,"northern Mid-Atlantic Ridge",earthquake,13.32,1.922,0.057,91,reviewed,us,us
2026-08-21T13:11:13.084Z,-24.5302,179.8055,522.254,4.5,mb,39,99,5.113,1.11,us,us6000tmfv,2026-08-29T20:26:09.040Z,"south of the Fiji Islands",earthquake,8.92,8.931,0.071,59,reviewed,us,us
2026-08-21T13:06:40.031Z,-58.837,-26.5525,151.97,5.4,mb,72,29,7.136,0.65,us,us6000tmft,2026-08-29T20:32:18.896Z,"South Sandwich Islands region",earthquake,10.41,3.982,0.053,135,reviewed,us,us
2026-08-21T12:32:50.793Z,-3.4075,131.0401,10,4.9,mb,56,69,1.301,0.68,us,us6000tmfl,2026-08-21T12:50:18.040Z,"149 km WSW of Fakfak, Indonesia",earthquake,6.61,1.835,0.059,90,reviewed,us,us
2026-08-21T12:19:02.927Z,-31.9377,-178.7122,69.842,4.9,mb,30,132,2.768,1.21,us,us6000tmfi,2026-08-21T12:35:41.040Z,"Kermadec Islands region",earthquake,12.64,9.982,0.136,17,reviewed,us,us
2026-08-21T12:02:07.072Z,33.7171,140.3802,61.666,5.4,mww,114,49,3.125,0.96,us,us6000tmfe,2026-08-22T17:21:04.692Z,"148 km SSE of Tateyama, Japan",earthquake,7.91,5.844,0.068,21,reviewed,us,us
2026-08-21T11:55:28.424Z,-6.4826,129.8904,169.579,4.6,mb,27,98,1.947,0.63,us,us6000tmfc,2026-08-21T13:07:52.040Z,"Banda Sea",earthquake,9.92,8.868,0.101,29,reviewed,us,us
2026-08-21T11:54:49.678Z,-8.3093,120.9404,10,4.6,mb,20,106,3.48,0.53,us,us6000tmfd,2026-08-21T13:50:11.040Z,"62 km ENE of Ruteng, Indonesia",earthquake,8.91,1.903,0.146,14,reviewed,us,us
2026-08-21T11:16:52.056Z,-8.1896,120.5325,10,4.5,mb,19,110,3.248,0.63,us,us6000tmf7,2026-08-21T11:56:23.040Z,"47 km N of Ruteng, Indonesia",earthquake,7.21,1.901,0.14,15,reviewed,us,us
2026-08-21T11:03:03.763Z,-8.213,120.5403,9.98,4.6,mb,25,83,3.273,0.99,us,us6000tmf5,2026-08-21T11:32:53.040Z,"44 km N of Ruteng, Indonesia",earthquake,8.83,4.943,0.114,23,reviewed,us,us
2026-08-21T10:38:57.051Z,47.2192,146.7826,350.501,4.5,mb,129,92,4.27,0.7,us,us6000tmf2,2026-08-21T11:15:46.040Z,"237 km NNW of Kuril’sk, Russia",earthquake,10.51,7.931,0.025,476,reviewed,us,us
2026-08-21T09:22:36.390Z,9.4833,125.5784,10,5.1,mb,84,74,2.398,1.08,us,us6000tmes,2026-08-21T11:36:50.030Z,"1 km N of Alegria, Philippines",earthquake,9.09,1.822,0.047,144,reviewed,us,us
2026-08-21T09:12:20.890Z,9.3382,125.342,10,5.2,mb,87,59,2.266,1,us,us6000tmer,2026-08-21T10:11:07.215Z,"19 km W of Jabonga, Philippines",earthquake,7.29,1.829,0.043,179,reviewed,us,us
2026-08-21T08:30:16.147Z,-8.184,120.4425,8.599,4.5,mb,19,83,3.223,0.75,us,us6000tmek,2026-08-29T09:14:55.040Z,"47 km N of Ruteng, Indonesia",earthquake,9.31,5.284,0.14,15,reviewed,us,us
2026-08-21T08:14:00.531Z,-7.8322,120.4643,35.067,4.9,mb,36,73,2.888,0.79,us,us6000tmej,2026-08-29T09:12:01.040Z,"86 km N of Ruteng, Indonesia",earthquake,8.12,6.474,0.096,34,reviewed,us,us
2026-08-21T08:12:33.842Z,-24.8208,-175.2565,10,5.1,mb,44,128,5.009,0.86,us,us6000tmei,2026-08-29T09:07:50.040Z,"south of Tonga",earthquake,13.99,1.896,0.039,215,reviewed,us,us
2026-08-21T05:56:46.764Z,-53.142,23.5692,10,4.6,mb,33,68,20.846,0.49,us,us6000tme0,2026-08-21T06:33:40.040Z,"south of Africa",earthquake,13.76,1.88,0.098,31,reviewed,us,us
2026-08-21T02:33:07.261Z,-8.3786,120.5112,10,4.6,mb,16,83,3.426,1.31,us,us6000tmd2,2026-08-21T03:40:41.040Z,"26 km NNE of Ruteng, Indonesia",earthquake,6.73,1.728,0.141,15,reviewed,us,us
2026-08-21T01:38:42.430Z,-8.2838,121.2731,10,4.6,mb,19,80,3.299,1.03,us,us6000tmcn,2026-08-21T02:09:06.040Z,"75 km NW of Ende, Indonesia",earthquake,8.47,1.897,0.141,15,reviewed,us,us
2026-08-21T01:18:05.726Z,-8.2183,120.5956,10,4.6,mb,21,110,3.292,0.98,us,us6000tmcj,2026-08-21T01:37:11.040Z,"45 km NNE of Ruteng, Indonesia",earthquake,7.82,1.895,0.129,18,reviewed,us,us
2026-08-21T00:01:20.430Z,26.4848,127.7859,44.11,4.7,mb,41,81,3.16,1.02,us,us6000tmc4,2026-08-21T09:21:42.496Z,"6 km W of Onna, Japan",earthquake,8.14,8.632,0.077,51,reviewed,us,us
2026-08-20T23:36:41.054Z,-56.5921,-141.4541,10,5,mb,22,88,32.633,1.11,us,us6000tmbw,2026-08-20T23:58:06.040Z,"Pacific-Antarctic Ridge",earthquake,16.75,1.873,0.141,16,reviewed,us,us
2026-08-20T21:57:40.312Z,15.9742,145.6176,213.529,4.5,mb,78,108,0.755,0.69,us,us6000tmb4,2026-08-21T01:49:08.040Z,"85 km N of Saipan, Northern Mariana Islands",earthquake,12.13,6.53,0.051,111,reviewed,us,us
2026-08-20T19:53:51.824Z,-8.214,121.3299,10,5,mb,41,88,3.281,0.56,us,us6000tm9h,2026-08-20T20:37:45.040Z,"78 km NNW of Ende, Indonesia",earthquake,9.84,1.892,0.098,33,reviewed,us,us
2026-08-20T19:24:03.495Z,-8.423,121.2709,10,5,mb,52,76,3.242,1,us,us6000tm93,2026-08-20T19:40:26.040Z,"63 km NW of Ende, Indonesia",earthquake,7.83,1.68,0.085,44,reviewed,us,us
2026-08-20T18:25:19.502Z,-5.3709,153.5631,35,5.1,mb,41,121,1.822,0.77,us,us6000tm8j,2026-08-20T18:51:00.040Z,"183 km SE of Kokopo, Papua New Guinea",earthquake,6.43,1.935,0.083,47,reviewed,us,us
2026-08-20T18:12:51.721Z,-8.2877,121.3981,10,5.6,mb,54,45,3.187,0.88,us,us6000tm8h,2026-08-21T18:21:30.990Z,"67 km NNW of Ende, Indonesia",earthquake,3.97,1.82,0.077,59,reviewed,us,us
2026-08-20T18:00:18.626Z,-14.6414,-73.5236,99,6.7,mww,113,34,4.17,0.94,us,us6000tm81,2026-08-21T18:10:00.399Z,"31 km NW of Aniso, Peru",earthquake,8.27,1.936,0.039,62,reviewed,us,us
2026-08-20T13:55:00.046Z,-1.143,148.5466,10,5,mb,66,78,1.48,0.7,us,us6000tm42,2026-08-29T19:32:21.040Z,"172 km NE of Lorengau, Papua New Guinea",earthquake,8.57,1.86,0.056,121,reviewed,us,us
2026-08-20T12:27:36.440Z,-17.7971,-178.6517,564.28,4.8,mb,72,125,2.302,0.65,us,us6000tm3t,2026-08-20T12:46:54.040Z,"217 km E of Levuka, Fiji",earthquake,14.21,8.621,0.026,461,reviewed,us,us
2026-08-20T10:08:26.207Z,-7.9402,120.8686,10,4.6,mb,19,96,3.111,0.34,us,us6000tm31,2026-08-20T13:21:07.040Z,"86 km NNE of Ruteng, Indonesia",earthquake,9.27,1.937,0.158,12,reviewed,us,us
2026-08-20T09:49:47.975Z,37.8058,95.4454,10,5.2,mb,100,35,6.865,0.86,us,us6000tm2y,2026-08-22T17:50:04.877Z,"270 km SSE of Dunhuang, China",earthquake,8.58,1.854,0.039,216,reviewed,us,us
2026-08-20T09:30:52.720Z,-8.2215,120.6701,10,5.3,mb,60,49,3.314,0.99,us,us6000tm2v,2026-08-20T09:48:42.292Z,"48 km NNE of Ruteng, Indonesia",earthquake,8.55,1.872,0.067,74,reviewed,us,us
2026-08-20T08:53:58.163Z,-8.0089,120.6397,30.903,4.8,mb,35,87,3.103,0.91,us,us6000tm2t,2026-08-29T08:38:33.040Z,"69 km NNE of Ruteng, Indonesia",earthquake,8.75,5.917,0.105,28,reviewed,us,us
2026-08-20T08:01:33.960Z,-8.2074,120.4906,35,5,mb,44,67,3.256,1.35,us,us6000tm2k,2026-08-29T06:26:44.040Z,"44 km N of Ruteng, Indonesia",earthquake,7.99,1.772,0.084,45,reviewed,us,us
2026-08-20T07:58:26.702Z,-8.0268,120.5156,10,4.5,mb,15,118,3.088,1.13,us,us7000tc6d,2026-08-29T06:12:41.040Z,"64 km N of Ruteng, Indonesia",earthquake,7.29,1.924,0.18,9,reviewed,us,us
2026-08-20T07:55:03.944Z,-8.2667,120.3323,15.891,5,mb,29,104,3.282,1.04,us,us6000tm2j,2026-08-29T06:06:12.040Z,"40 km NNW of Ruteng, Indonesia",earthquake,9.24,5.141,0.106,28,reviewed,us,us
2026-08-20T07:50:33.124Z,-8.2387,120.608,32.7,4.5,mb,15,117,3.314,0.39,us,us7000tc6c,2026-08-29T06:01:48.040Z,"44 km NNE of Ruteng, Indonesia",earthquake,9.88,6.346,0.156,12,reviewed,us,us
2026-08-20T06:55:46.780Z,51.4374,159.6591,10,4.6,mb,25,128,1.705,0.98,us,us7000tc69,2026-08-29T05:39:31.040Z,"187 km SSE of Vilyuchinsk, Russia",earthquake,7.75,1.888,0.132,17,reviewed,us,us
2026-08-20T05:08:59.619Z,-7.8919,120.4649,9.879,4.6,mb,19,92,2.945,1.09,us,us7000tc66,2026-08-29T05:01:09.040Z,"79 km N of Ruteng, Indonesia",earthquake,9.43,4.884,0.147,14,reviewed,us,us
2026-08-20T04:52:51.796Z,-24.4187,-70.4642,35.275,4.7,mwr,52,135,0.905,1.05,us,us6000tm25,2026-08-20T05:07:57.040Z,"85 km S of Antofagasta, Chile",earthquake,3.78,6.314,0.05,38,reviewed,us,us
2026-08-20T04:33:23.405Z,-7.9704,120.3917,10,4.6,mb,15,126,3.005,0.83,us,us6000tm22,2026-08-20T05:18:39.040Z,"71 km N of Ruteng, Indonesia",earthquake,9.36,1.93,0.157,13,reviewed,us,us
2026-08-20T04:23:57.331Z,-8.386,120.3951,10,4.6,mb,21,120,3.41,1.11,us,us6000tm1y,2026-08-20T05:10:34.040Z,"26 km NNW of Ruteng, Indonesia",earthquake,8.56,1.918,0.137,16,reviewed,us,us
2026-08-20T03:09:06.998Z,-24.3365,-67.1154,166.707,4.7,mb,60,48,1.688,1.38,us,us6000tm1m,2026-08-20T03:24:10.040Z,"81 km W of San Antonio de los Cobres, Argentina",earthquake,7.08,6.931,0.04,191,reviewed,us,us
2026-08-20T03:00:57.597Z,-8.2547,120.662,10,4.7,mb,16,122,3.344,0.94,us,us6000tm1l,2026-08-20T03:15:43.040Z,"45 km NNE of Ruteng, Indonesia",earthquake,8.41,1.907,0.159,12,reviewed,us,us
2026-08-20T02:46:59.072Z,-8.3582,120.6104,10,5.7,mww,71,50,3.43,1.07,us,us6000tm1j,2026-08-21T02:55:30.554Z,"32 km NNE of Ruteng, Indonesia",earthquake,7.33,1.855,0.093,11,reviewed,us,us
2026-08-20T02:24:48.024Z,-8.2293,120.6074,10,4.7,mb,20,96,3.305,0.75,us,us6000tm1e,2026-08-21T23:26:40.040Z,"45 km NNE of Ruteng, Indonesia",earthquake,8.7,1.821,0.134,17,reviewed,us,us
2026-08-20T00:20:24.938Z,-20.324,169.1514,72.946,5,mb,46,71,2.776,1.22,us,us6000tm16,2026-08-20T00:42:16.040Z,"87 km S of Isangel, Vanuatu",earthquake,9.5,4.939,0.062,82,reviewed,us,us
2026-08-19T23:20:14.116Z,-8.2733,120.7214,10,4.5,mb,18,117,3.378,1.26,us,us6000tm10,2026-08-19T23:46:53.040Z,"46 km NE of Ruteng, Indonesia",earthquake,9.29,1.9,0.14,15,reviewed,us,us
2026-08-19T22:55:48.626Z,-8.5688,120.0558,12.575,4.5,mb,19,137,3.544,0.89,us,us7000tbs3,2026-08-29T22:52:25.040Z,"20 km ESE of Labuan Bajo, Indonesia",earthquake,10,1.932,0.15,13,reviewed,us,us
2026-08-19T22:45:17.227Z,-8.3585,120.5389,10,5.8,mww,104,39,3.413,0.78,us,us6000tm0u,2026-08-29T22:46:32.895Z,"29 km NNE of Ruteng, Indonesia",earthquake,6.67,1.748,0.083,14,reviewed,us,us
2026-08-19T22:44:11.065Z,-7.9976,120.4096,10,4.5,mb,20,82,3.035,0.56,us,us7000tbs2,2026-08-29T22:28:02.040Z,"68 km N of Ruteng, Indonesia",earthquake,5.54,1.856,0.163,11,reviewed,us,us
2026-08-19T22:33:24.820Z,-8.2027,120.4869,10,4.5,mb,26,128,3.251,0.88,us,us7000tbs1,2026-08-29T22:13:26.040Z,"45 km N of Ruteng, Indonesia",earthquake,10.96,1.795,0.135,16,reviewed,us,us
2026-08-19T22:28:08.453Z,-8.3067,120.4487,10,5.2,mb,54,77,3.343,0.62,us,us6000tm0s,2026-08-29T21:55:35.040Z,"33 km N of Ruteng, Indonesia",earthquake,8.99,1.796,0.081,51,reviewed,us,us
2026-08-19T21:06:48.697Z,66.9521,13.0558,10,4.5,mb,67,77,5.304,0.49,us,us6000tm08,2026-08-27T00:58:49.650Z,"29 km WNW of Ørnes, Norway",earthquake,8.76,1.89,0.07,61,reviewed,us,us
2026-08-19T20:06:29.427Z,17.6051,-94.3016,178.278,4.6,mb,97,110,2.454,1.03,us,us6000tlzp,2026-08-19T21:52:01.040Z,"28 km NE of Niños Héroes, Mexico",earthquake,9.36,8.353,0.036,234,reviewed,us,us
2026-08-19T18:45:29.787Z,-17.7629,-178.664,557.465,5.4,mww,245,39,2.273,0.84,us,us6000tlz8,2026-08-20T18:53:34.491Z,"216 km E of Levuka, Fiji",earthquake,10.34,5.42,0.11,8,reviewed,us,us
2026-08-19T18:07:17.251Z,49.4799,155.8633,41.176,5.4,mww,174,115,3.811,0.78,us,us6000tlyv,2026-08-20T18:15:47.456Z,"134 km S of Severo-Kuril’sk, Russia",earthquake,9.19,6.655,0.086,13,reviewed,us,us
2026-08-19T17:19:34.166Z,5.8923,126.6639,10,4.8,mb,54,107,1.591,0.88,us,us6000tlyi,2026-08-19T19:48:47.040Z,"74 km SE of Pondaguitan, Philippines",earthquake,6.83,1.802,0.086,42,reviewed,us,us
2026-08-19T16:17:38.287Z,-8.2075,120.558,10,5.5,mww,132,31,3.272,0.89,us,us6000tlxq,2026-08-31T17:27:43.523Z,"45 km NNE of Ruteng, Indonesia",earthquake,7.45,1.719,0.073,18,reviewed,us,us
2026-08-19T15:19:44.750Z,-8.0736,120.5772,10,4.6,mb,38,86,3.148,0.86,us,us6000tlvr,2026-08-31T15:28:34.040Z,"60 km NNE of Ruteng, Indonesia",earthquake,4.54,1.881,0.102,29,reviewed,us,us
2026-08-19T14:32:22.499Z,-5.2129,125.5023,540.02,4.6,mb,76,42,4.44,0.71,us,us6000tlvn,2026-08-31T14:54:46.040Z,"Banda Sea",earthquake,7.14,7.756,0.075,52,reviewed,us,us
2026-08-19T14:16:25.739Z,-8.1452,120.6178,10,4.6,mb,32,118,3.227,0.66,us,us6000tlvm,2026-08-30T21:19:53.040Z,"54 km NNE of Ruteng, Indonesia",earthquake,10.44,1.874,0.119,21,reviewed,us,us
2026-08-19T11:01:37.358Z,5.4275,125.2714,84.483,4.8,mb,67,81,1.66,0.79,us,us6000tlun,2026-08-19T11:52:06.437Z,"18 km SSW of Balangonan, Philippines",earthquake,8.67,7.619,0.06,86,reviewed,us,us
2026-08-19T10:44:59.407Z,-7.8858,120.4442,10.179,4.7,mb,42,64,2.935,0.51,us,us6000tlum,2026-08-19T11:08:15.040Z,"80 km N of Ruteng, Indonesia",earthquake,7.91,4.79,0.108,26,reviewed,us,us
2026-08-19T09:07:19.758Z,-15.9165,-172.7309,10,4.7,mb,36,132,2.197,1.38,us,us6000tluh,2026-08-19T09:32:47.040Z,"114 km E of Hihifo, Tonga",earthquake,10.79,1.89,0.067,67,reviewed,us,us
2026-08-19T05:22:24.762Z,37.8621,95.5097,10,4.7,mb,33,125,6.828,0.58,us,us6000tltq,2026-08-19T05:40:20.040Z,"265 km SSE of Dunhuang, China",earthquake,11.38,1.168,0.063,77,reviewed,us,us
2026-08-19T04:51:47.326Z,-21.0451,-68.5483,124.813,4.6,mb,31,75,0.988,0.73,us,us6000tltg,2026-08-19T23:07:42.040Z,"36 km WNW of Ollagüe, Chile",earthquake,6.47,8.49,0.114,23,reviewed,us,us
2026-08-19T04:22:54.144Z,19.1513,121.324,10,4.8,mb,41,118,3.655,0.98,us,us6000tlta,2026-08-19T04:40:46.040Z,"62 km NNE of Namuac, Philippines",earthquake,10.07,1.888,0.091,37,reviewed,us,us
2026-08-19T03:13:29.805Z,-8.2837,121.4389,30.365,5.2,mb,52,72,3.153,0.74,us,us6000tlt9,2026-08-19T03:29:51.040Z,"66 km NNW of Ende, Indonesia",earthquake,8.19,5.455,0.09,41,reviewed,us,us
2026-08-19T02:20:00.069Z,-15.3235,-174.8659,236.641,4.5,mb,34,105,3.299,0.55,us,us6000tlt1,2026-08-19T02:37:46.040Z,"134 km WNW of Hihifo, Tonga",earthquake,14.95,8.07,0.106,26,reviewed,us,us
2026-08-19T01:44:50.319Z,-8.2229,121.0211,10,4.6,mb,13,128,3.428,1.19,us,us6000tlss,2026-08-19T21:50:14.040Z,"74 km NE of Ruteng, Indonesia",earthquake,9.38,1.925,0.173,10,reviewed,us,us
2026-08-19T00:56:23.003Z,-5.4802,149.0668,7.472,4.5,mb,20,109,4.333,0.48,us,us7000tbqq,2026-08-27T00:44:34.040Z,"96 km NNW of Kandrian, Papua New Guinea",earthquake,8.35,4.893,0.136,16,reviewed,us,us
2026-08-19T00:11:39.571Z,-8.2072,121.3989,35,4.8,mb,42,84,2.99,0.76,us,us6000tls7,2026-08-27T00:24:25.040Z,"76 km NNW of Ende, Indonesia",earthquake,7.88,1.918,0.111,25,reviewed,us,us
2026-08-18T23:59:16.821Z,-8.3338,121.2068,35,4.6,mb,38,88,3.056,0.97,us,us6000tls5,2026-08-27T00:14:23.040Z,"75 km NW of Ende, Indonesia",earthquake,7.72,1.907,0.111,24,reviewed,us,us
2026-08-18T22:26:55.925Z,-8.0711,120.4279,35,4.5,mb,25,83,3.11,0.84,us,us6000tlrt,2026-08-26T23:11:50.040Z,"59 km N of Ruteng, Indonesia",earthquake,7.13,1.8,0.136,16,reviewed,us,us
2026-08-18T21:36:27.999Z,37.8333,95.5438,6,5.5,mwb,120,20,6.795,0.55,us,us6000tlrj,2026-08-26T23:01:40.239Z,"269 km SSE of Dunhuang, China",earthquake,8.63,1.698,0.044,50,reviewed,us,us
2026-08-18T21:11:40.682Z,-8.1964,121.3656,35,4.7,mb,41,82,3.022,0.89,us,us6000tlre,2026-08-26T22:19:44.040Z,"78 km NNW of Ende, Indonesia",earthquake,7.47,1.921,0.113,24,reviewed,us,us
2026-08-18T20:50:15.803Z,-8.3121,121.5131,10,4.7,mb,53,72,2.837,0.79,us,us6000tlr9,2026-08-30T19:23:44.040Z,"60 km NNW of Ende, Indonesia",earthquake,7.46,1.823,0.091,37,reviewed,us,us
2026-08-18T20:28:55.753Z,-8.3363,121.1792,10,4.7,mb,54,50,3.076,0.75,us,us6000tlr0,2026-08-30T17:49:59.040Z,"77 km NW of Ende, Indonesia",earthquake,7.41,1.844,0.09,38,reviewed,us,us
2026-08-18T20:15:41.238Z,-8.2731,121.2517,10,4.9,mb,63,53,3.059,0.48,us,us6000tlqv,2026-08-30T16:40:30.040Z,"77 km NW of Ende, Indonesia",earthquake,7.22,1.805,0.084,44,reviewed,us,us
2026-08-18T20:08:02.775Z,-7.764,120.4967,10,4.6,mb,29,72,2.83,0.6,us,us6000tn6d,2026-08-30T17:01:03.040Z,"93 km N of Ruteng, Indonesia",earthquake,8.02,1.842,0.129,18,reviewed,us,us
2026-08-18T19:51:10.750Z,36.4032,70.6871,215.01,5.2,mww,172,17,2.27,0.77,us,us6000tlqq,2026-08-30T15:59:52.084Z,"52 km SSW of Jurm, Afghanistan",earthquake,8.54,4.788,0.063,24,reviewed,us,us
2026-08-18T19:03:07.384Z,-8.349,121.2251,10,4.9,mww,81,54,3.033,0.92,us,us6000tlqk,2026-08-30T15:21:54.040Z,"72 km NW of Ende, Indonesia",earthquake,3.49,1.817,0.089,12,reviewed,us,us
2026-08-18T18:03:56.304Z,-24.7454,-175.0821,10,4.6,mb,19,100,5.151,0.8,us,us6000tn60,2026-08-27T14:33:03.040Z,"south of Tonga",earthquake,12.61,1.951,0.158,14,reviewed,us,us
2026-08-18T18:01:08.074Z,9.8147,138.6099,10,4.5,mb,23,118,8.84,1.18,us,us6000tn62,2026-08-26T20:38:17.040Z,"62 km ENE of Colonia, Micronesia",earthquake,12.86,1.931,0.132,17,reviewed,us,us
2026-08-18T12:03:50.174Z,-7.9051,120.5751,36.253,4.9,mb,42,62,2.986,0.97,us,us6000tlnv,2026-08-18T14:30:51.040Z,"79 km N of Ruteng, Indonesia",earthquake,4.18,6.484,0.106,28,reviewed,us,us
2026-08-18T12:00:13.955Z,-7.9812,120.6328,35,4.7,mb,41,63,3.075,0.74,us,us6000tlmz,2026-08-18T13:23:06.040Z,"72 km NNE of Ruteng, Indonesia",earthquake,6.23,1.813,0.106,27,reviewed,us,us
2026-08-18T11:55:27.398Z,-24.8258,-175.2897,10,4.8,mb,27,123,4.991,0.48,us,us6000tme3,2026-08-21T07:02:28.040Z,"south of Tonga",earthquake,12.01,1.889,0.082,46,reviewed,us,us
2026-08-18T11:06:50.913Z,-7.8898,120.3661,10.259,4.7,mb,52,62,2.921,0.72,us,us6000tlmt,2026-08-18T11:47:23.040Z,"80 km N of Ruteng, Indonesia",earthquake,7.51,4.532,0.092,36,reviewed,us,us
2026-08-18T10:39:43.915Z,37.1061,-3.6598,10,4.7,mb,25,67,2.494,0.7,us,us6000tlmq,2026-08-19T10:00:05.663Z,"1 km WSW of Alhendín, Spain",earthquake,7.7,1.879,0.159,12,reviewed,us,us
2026-08-18T09:34:37.659Z,37.0875,-3.7084,10,4.6,mb,33,79,2.504,0.58,us,us6000tlmc,2026-08-18T10:12:21.378Z,"5 km ENE of Escúzar, Spain",earthquake,3.2,1.885,0.083,44,reviewed,us,us
2026-08-18T09:02:35.424Z,-24.7429,-177.1264,130.03,4.5,mb,37,132,4.541,0.66,us,us6000tlm6,2026-08-18T10:21:30.040Z,"south of the Fiji Islands",earthquake,12.03,7.805,0.064,73,reviewed,us,us
2026-08-18T09:01:39.508Z,-7.9353,120.4656,33.11,4.8,mb,38,128,2.987,0.59,us,us6000tlm3,2026-08-18T09:39:24.040Z,"74 km N of Ruteng, Indonesia",earthquake,9.77,5.863,0.116,25,reviewed,us,us
2026-08-18T08:37:44.898Z,37.1786,-3.6311,10,4.9,mww,58,62,2.429,1.21,us,us6000tllu,2026-08-21T14:34:40.221Z,"2 km WSW of Granada, Spain",earthquake,6.02,1.863,0.068,21,reviewed,us,us
2026-08-18T06:02:20.229Z,-0.6858,98.416,10,5.6,mww,42,137,2.148,0.96,us,us6000tlkt,2026-08-19T06:12:39.744Z,"154 km SSE of Teluk Dalam, Indonesia",earthquake,8.85,1.891,0.08,15,reviewed,us,us
2026-08-18T05:02:32.244Z,14.2298,-93.1475,10,5.7,mww,51,134,2.261,1.09,us,us6000tlkl,2026-08-19T05:09:54.547Z,"95 km SW of Puerto Madero, Mexico",earthquake,7.91,1.901,0.038,68,reviewed,us,us
2026-08-18T02:42:38.032Z,-8.2434,120.2573,34.063,4.8,mb,28,81,3.247,1.24,us,us6000tlk5,2026-08-18T03:19:14.040Z,"46 km NNW of Ruteng, Indonesia",earthquake,7.48,4.24,0.116,25,reviewed,us,us
2026-08-18T01:10:03.872Z,-22.0411,-179.0793,576.355,4.8,mb,50,77,5.054,0.93,us,us6000tljs,2026-08-18T01:26:57.040Z,"south of the Fiji Islands",earthquake,13.34,8.575,0.077,52,reviewed,us,us
2026-08-18T00:47:58.943Z,-14.9125,167.2353,158.298,4.6,mb,19,152,6.272,0.49,us,us6000tn4y,2026-08-26T01:22:49.040Z,"22 km NE of Port-Olry, Vanuatu",earthquake,14.44,9.826,0.152,13,reviewed,us,us
2026-08-17T22:53:11.231Z,9.6219,138.3124,10,5.3,mww,83,42,4.262,0.69,us,us6000tlgm,2026-08-26T00:50:07.635Z,"23 km ENE of Colonia, Micronesia",earthquake,7.5,1.352,0.103,9,reviewed,us,us
2026-08-17T21:36:35.316Z,46.4513,151.4834,85.946,5.1,mb,112,51,6.021,0.68,us,us6000tlbz,2026-08-25T23:59:18.040Z,"Kuril Islands",earthquake,9.16,4.891,0.024,546,reviewed,us,us
2026-08-17T21:04:57.844Z,-7.9741,120.1069,10,4.5,mb,23,133,2.962,0.86,us,us6000tml0,2026-08-25T23:55:19.040Z,"62 km NNE of Labuan Bajo, Indonesia",earthquake,10.22,1.903,0.145,15,reviewed,us,us
2026-08-17T20:35:10.038Z,57.279,-154.894,57.9,4.5,ml,121,58,0.4,0.8,ak,aka2026qgsene,2026-08-30T19:19:24.040Z,"41 km SW of Karluk, Alaska",earthquake,3.1,4.0114,0.1,60,reviewed,ak,ak
2026-08-17T20:20:26.140Z,-22.5639,-20.2946,10,4.6,mb,32,60,15.627,0.32,us,us6000tmkz,2026-08-29T20:07:58.040Z,"South Atlantic Ocean",earthquake,12.58,1.884,0.098,31,reviewed,us,us
2026-08-17T19:51:23.051Z,77.5472,7.0817,10,4.9,mww,76,70,1.699,0.49,us,usd0015efp,2026-08-30T17:26:30.110Z,"214 km WSW of Longyearbyen, Svalbard and Jan Mayen",earthquake,8.54,1.87,0.062,25,reviewed,us,us
2026-08-17T18:51:11.017Z,9.6967,138.3349,10,4.9,mww,66,89,7.477,0.64,us,usd0015efc,2026-08-30T19:14:22.730Z,"30 km NE of Colonia, Micronesia",earthquake,10.08,1.874,0.089,12,reviewed,us,us
2026-08-17T18:10:05.009Z,-7.029,117.182,492.2,4.6,mb,86,45,3.246,0.51,us,usd0015ef3,2026-08-30T16:59:00.040Z,"156 km NNW of Pototano, Indonesia",earthquake,10.69,6.199,0.068,65,reviewed,us,us
2026-08-17T13:58:34.247Z,-8.221,120.345,10,5,mb,50,52,3.24,0.7,us,usd0015ee2,2026-08-26T19:47:32.040Z,"45 km NNW of Ruteng, Indonesia",earthquake,9.06,1.697,0.1,32,reviewed,us,us
2026-08-17T12:51:05.572Z,-8.2712,120.6721,30.025,4.9,mb,39,103,3.362,1.11,us,usd0015edt,2026-08-17T13:23:33.040Z,"44 km NNE of Ruteng, Indonesia",earthquake,10.91,5.988,0.095,35,reviewed,us,us
2026-08-17T12:39:35.566Z,-8.0024,120.3701,10,4.9,mb,25,87,3.031,0.84,us,usd0015eds,2026-08-17T13:30:06.040Z,"68 km N of Ruteng, Indonesia",earthquake,5.99,1.92,0.119,22,reviewed,us,us
2026-08-17T12:38:03.466Z,53.024,159.7106,54.741,5.8,mww,111,49,1.217,0.78,us,usd0015edq,2026-08-18T12:47:41.961Z,"72 km E of Petropavlovsk-Kamchatsky, Russia",earthquake,8.92,5.39,0.043,53,reviewed,us,us
2026-08-17T11:00:23.022Z,-6.3769,149.3577,35,5.1,mb,67,121,4.741,1.33,us,usd0015edb,2026-08-17T11:19:35.040Z,"28 km SW of Kandrian, Papua New Guinea",earthquake,13.06,2.508,0.063,83,reviewed,us,us
2026-08-17T10:44:49.886Z,-7.9289,120.4324,10,5.4,mb,36,52,2.973,0.92,us,usd0015ed8,2026-08-18T10:50:59.262Z,"75 km N of Ruteng, Indonesia",earthquake,8.22,1.878,0.105,31,reviewed,us,us
2026-08-17T10:42:41.971Z,-7.8762,120.5019,10,5.2,mb,50,64,2.939,0.8,us,usd0015ed7,2026-08-17T10:59:05.040Z,"81 km N of Ruteng, Indonesia",earthquake,8.04,1.882,0.095,36,reviewed,us,us
2026-08-17T09:16:05.268Z,-8.3911,121.5192,10,4.8,mb,30,68,3.034,1.06,us,usd0015ed1,2026-08-17T09:34:54.040Z,"52 km NNW of Ende, Indonesia",earthquake,7.25,1.878,0.109,26,reviewed,us,us
2026-08-17T08:52:00.116Z,-8.3011,121.1463,23.728,4.5,mb,20,144,3.404,0.83,us,usd0015ecv,2026-08-18T07:38:22.040Z,"82 km ENE of Ruteng, Indonesia",earthquake,9.12,4.633,0.156,12,reviewed,us,us
2026-08-17T07:36:19.104Z,34.8761,135.6311,370.457,4.6,mb,128,85,1.24,0.69,us,usd0015ecj,2026-08-18T08:06:03.103Z,"3 km NNE of Takatsuki, Japan",earthquake,7.74,5.02,0.032,284,reviewed,us,us
2026-08-17T07:20:32.272Z,-8.5254,121.2007,28.252,4.9,mb,47,51,3.265,0.81,us,usd0015ech,2026-08-17T07:57:03.040Z,"61 km NW of Ende, Indonesia",earthquake,7.69,4.782,0.09,39,reviewed,us,us
2026-08-17T06:55:11.062Z,14.5955,147.0932,10,4.8,mb,50,99,1.409,0.75,us,usd0015ecf,2026-08-17T10:02:43.040Z,"159 km ESE of Saipan, Northern Mariana Islands",earthquake,9.74,1.9,0.079,50,reviewed,us,us
2026-08-17T05:18:41.824Z,-38.907,175.3138,177.408,4.6,mb,29,50,0.422,0.56,us,usd0015ebp,2026-08-17T09:26:18.040Z,"43 km WNW of Turangi, New Zealand",earthquake,4.53,4.662,0.172,10,reviewed,us,us
2026-08-17T04:54:44.948Z,24.0829,125.3812,10,4.7,mb,54,88,1.087,1.07,us,usd0015ebk,2026-08-21T22:20:48.040Z,"78 km S of Miyakojima, Japan",earthquake,6.94,1.895,0.077,51,reviewed,us,us
2026-08-17T03:48:04.873Z,-8.2999,121.327,16.335,5.2,mb,41,88,3.244,1.21,us,usd0015ebj,2026-08-17T04:02:57.040Z,"70 km NNW of Ende, Indonesia",earthquake,8.45,8.863,0.103,31,reviewed,us,us
2026-08-17T03:36:39.370Z,-8.278,121.407,10,5.3,mb,40,51,3.184,1.05,us,usd0015ebi,2026-08-17T03:54:47.040Z,"68 km NNW of Ende, Indonesia",earthquake,8.08,2.382,0.078,55,reviewed,us,us
2026-08-17T03:33:53.507Z,-8.0913,121.0947,10,4.9,mb,24,83,3.335,0.68,us,usd0015ebh,2026-08-17T04:14:30.040Z,"90 km NE of Ruteng, Indonesia",earthquake,8.79,2.28,0.125,20,reviewed,us,us
2026-08-17T02:39:20.044Z,-7.8295,120.2556,29.528,4.8,mb,21,130,4.402,0.4,us,usd0015ebc,2026-08-17T04:43:49.040Z,"84 km NNE of Labuan Bajo, Indonesia",earthquake,15.26,11.131,0.148,14,reviewed,us,us
2026-08-17T01:42:12.533Z,-7.7118,120.4085,10,4.6,mb,24,94,2.758,0.43,us,usd0015eb3,2026-08-21T22:08:09.040Z,"99 km N of Ruteng, Indonesia",earthquake,8.83,1.894,0.128,18,reviewed,us,us
2026-08-17T01:31:01.388Z,-7.8539,120.4398,10,4.5,mb,20,83,2.903,1.29,us,usd0015eb2,2026-08-21T22:09:49.040Z,"83 km N of Ruteng, Indonesia",earthquake,8.72,1.913,0.14,15,reviewed,us,us
2026-08-17T01:01:29.183Z,-1.3664,121.0709,10,4.5,mb,10,118,3.855,0.9,us,usd0015eb0,2026-08-17T01:37:34.040Z,"35 km E of Poso, Indonesia",earthquake,12.14,2.14,0.221,6,reviewed,us,us
2026-08-17T00:59:20.421Z,-8.469,120.5271,12.234,4.6,mb,17,151,3.517,0.89,us,us6000tmje,2026-08-25T01:24:46.040Z,"17 km NNE of Ruteng, Indonesia",earthquake,10.29,5.031,0.158,12,reviewed,us,us
2026-08-17T00:56:34.082Z,-7.7905,120.4738,10.872,4.5,mb,19,131,2.85,0.77,us,us6000tmjb,2026-08-25T01:38:10.040Z,"90 km N of Ruteng, Indonesia",earthquake,9.37,4.971,0.15,13,reviewed,us,us
2026-08-17T00:53:02.293Z,-7.8322,120.3418,19.57,4.7,mb,23,80,2.86,0.52,us,us6000tmja,2026-08-25T00:58:42.420Z,"87 km N of Ruteng, Indonesia",earthquake,8.28,4.456,0.147,14,reviewed,us,us
2026-08-17T00:46:39.473Z,-8.22,121.441,5.134,5.5,mww,116,23,2.951,1.08,us,usd0015eay,2026-08-25T00:53:47.457Z,"73 km NNW of Ende, Indonesia",earthquake,7.84,2.936,0.083,14,reviewed,us,us
2026-08-17T00:27:36.445Z,-8.0332,120.1614,35,4.5,mb,21,83,3.027,0.73,us,usd0015eav,2026-08-25T00:37:04.040Z,"59 km NNE of Labuan Bajo, Indonesia",earthquake,10.18,1.915,0.14,15,reviewed,us,us
2026-08-17T00:25:55.708Z,-23.2848,-174.2748,10,4.6,mb,13,150,5.83,1.08,us,us6000tmj8,2026-08-25T00:34:02.040Z,"226 km SSE of ‘Ohonua, Tonga",earthquake,13.55,1.952,0.192,9,reviewed,us,us
2026-08-17T00:08:07.246Z,-17.7068,-178.7056,562.262,4.9,mb,103,58,2.209,0.67,us,usd0015eas,2026-08-18T04:45:03.040Z,"213 km E of Levuka, Fiji",earthquake,10.26,4.606,0.026,455,reviewed,us,us
2026-08-16T21:53:05.766Z,-6.6575,122.8775,9.898,4.5,mb,17,123,3.371,0.82,us,us6000tmhn,2026-08-25T01:46:38.040Z,"135 km SSE of Baubau, Indonesia",earthquake,12.11,5.132,0.163,11,reviewed,us,us
2026-08-16T21:06:07.026Z,-24.352,-67.284,174.627,4.5,mb,43,61,1.617,0.92,us,usd0015ea6,2026-08-23T23:14:40.040Z,"99 km W of San Antonio de los Cobres, Argentina",earthquake,9.09,5.474,0.062,76,reviewed,us,us
2026-08-16T19:51:25.957Z,-22.5694,-20.2172,10,4.5,mb,19,74,15.157,0.59,us,us6000tmhx,2026-08-29T17:03:23.040Z,"South Atlantic Ocean",earthquake,12.7,1.88,0.128,18,reviewed,us,us
2026-08-16T19:06:04.786Z,-8.1314,120.5257,10,4.6,mb,34,82,3.191,0.82,us,usd0015e9l,2026-08-30T13:00:35.040Z,"53 km N of Ruteng, Indonesia",earthquake,8.2,1.876,0.101,30,reviewed,us,us
2026-08-16T17:26:14.895Z,-7.9178,120.4492,10.237,4.9,mb,44,52,2.967,0.99,us,usd0015e9a,2026-08-30T19:00:42.040Z,"76 km N of Ruteng, Indonesia",earthquake,6.57,3.695,0.085,43,reviewed,us,us
2026-08-16T17:11:07.552Z,-22.5225,-20.2621,10,4.9,mb,49,45,15.177,0.68,us,usd0015e96,2026-08-30T18:55:03.040Z,"South Atlantic Ocean",earthquake,11.92,1.862,0.065,76,reviewed,us,us
2026-08-16T15:52:53.557Z,14.4177,-92.969,35,5.2,mww,58,153,2.02,0.98,us,usd0015e8n,2026-08-16T16:13:10.040Z,"67 km WSW of Puerto Madero, Mexico",earthquake,17.74,2.475,0.062,25,reviewed,us,us
2026-08-16T13:38:39.283Z,-7.8874,120.7797,10,5,mb,60,55,3.032,0.8,us,usd0015e86,2026-08-20T18:46:36.040Z,"87 km NNE of Ruteng, Indonesia",earthquake,7.02,1.752,0.081,56,reviewed,us,us
2026-08-16T13:26:49.771Z,-27.7603,-176.1623,10,4.5,mb,12,145,2.146,0.57,us,us6000tmh9,2026-08-28T20:56:27.040Z,"Kermadec Islands region",earthquake,12.28,1.945,0.205,9,reviewed,us,us
2026-08-16T12:37:51.682Z,-7.5415,120.5903,10,4.5,mb,19,82,2.645,0.93,us,usd0015e7x,2026-08-16T13:27:48.040Z,"119 km N of Ruteng, Indonesia",earthquake,7.24,1.921,0.14,15,reviewed,us,us
2026-08-16T11:21:11.806Z,-7.8283,120.2356,10,4.7,mb,23,100,2.837,0.55,us,usd0015e7s,2026-08-16T12:49:47.040Z,"83 km NNE of Labuan Bajo, Indonesia",earthquake,6.77,1.855,0.137,16,reviewed,us,us
2026-08-16T11:11:46.392Z,-7.6716,120.8509,10,4.9,mb,26,98,2.857,0.8,us,usd0015e7q,2026-08-16T11:33:20.040Z,"112 km NNE of Ruteng, Indonesia",earthquake,8.17,1.9,0.132,18,reviewed,us,us
2026-08-16T10:59:11.283Z,-5.5432,146.7882,147.71,5.5,mww,91,28,3.524,0.63,us,usd0015e7p,2026-08-17T18:26:59.110Z,"116 km ESE of Madang, Papua New Guinea",earthquake,8.18,6.569,0.069,20,reviewed,us,us
2026-08-16T10:31:34.822Z,-7.8791,120.5504,10,5.1,mb,54,64,2.955,0.94,us,usd0015e7k,2026-08-16T10:50:40.040Z,"81 km N of Ruteng, Indonesia",earthquake,20.45,2.003,0.08,51,reviewed,us,us
2026-08-16T10:14:36.343Z,-7.9399,120.5995,10,5.3,mww,91,41,3.026,0.76,us,usd0015e7j,2026-08-17T14:05:21.895Z,"75 km NNE of Ruteng, Indonesia",earthquake,19.18,1.999,0.093,11,reviewed,us,us
2026-08-16T08:06:50.468Z,-5.5296,146.3275,130.097,4.6,mb,68,51,3.615,0.64,us,usd0015e6s,2026-08-16T08:39:46.040Z,"68 km ESE of Madang, Papua New Guinea",earthquake,12.29,26.371,0.058,90,reviewed,us,us
2026-08-16T06:51:47.123Z,-7.8982,120.5537,11.509,5.5,mww,68,42,2.974,0.9,us,us6000tl6a,2026-08-26T07:44:43.723Z,"79 km N of Ruteng, Indonesia",earthquake,7.93,4.433,0.075,17,reviewed,us,us
2026-08-16T06:25:14.999Z,-7.8959,120.9856,36.184,4.5,mb,20,84,3.114,0.79,us,us6000tl61,2026-08-26T07:03:49.040Z,"97 km NE of Ruteng, Indonesia",earthquake,8.39,5.104,0.128,18,reviewed,us,us
2026-08-16T03:42:59.885Z,-8.4615,121.5082,10,5,mb,28,76,3.013,1.13,us,us6000tl55,2026-08-16T03:58:33.040Z,"45 km NNW of Ende, Indonesia",earthquake,8.68,1.896,0.118,23,reviewed,us,us
2026-08-16T03:20:24.373Z,-14.5474,167.1934,188.148,6.1,mww,75,53,6.582,0.73,us,us6000tl4w,2026-08-17T03:27:20.479Z,"56 km NNE of Port-Olry, Vanuatu",earthquake,7.82,6.175,0.037,71,reviewed,us,us
2026-08-15T23:12:54.664Z,-7.8894,120.5156,10,5,mb,47,64,2.955,1.4,us,us6000tl44,2026-08-15T23:35:15.040Z,"80 km N of Ruteng, Indonesia",earthquake,8.11,1.795,0.094,36,reviewed,us,us
2026-08-15T22:52:55.761Z,9.6571,138.224,10,5.4,mww,70,102,9.236,1.13,us,us6000tl43,2026-08-17T19:09:39.940Z,"19 km NE of Colonia, Micronesia",earthquake,10.71,1.874,0.073,18,reviewed,us,us
2026-08-15T21:08:32.582Z,-7.8284,120.5111,10,4.7,mb,32,73,2.896,1.03,us,us6000tl3n,2026-08-16T00:32:45.040Z,"86 km N of Ruteng, Indonesia",earthquake,8.38,1.923,0.11,26,reviewed,us,us
2026-08-15T19:32:31.970Z,23.4611,142.8351,54.893,5.6,mww,125,79,8.646,0.88,us,us6000tl36,2026-08-30T16:31:05.890Z,"Volcano Islands, Japan region",earthquake,10.11,6.345,0.071,19,reviewed,us,us
2026-08-15T18:40:21.009Z,-8.3082,120.6811,10,4.5,mb,21,117,3.4,0.57,us,us6000tl31,2026-08-30T15:52:10.040Z,"41 km NE of Ruteng, Indonesia",earthquake,5.91,1.916,0.131,17,reviewed,us,us
2026-08-15T17:51:27.377Z,-7.744,120.7193,10,4.7,mb,32,81,2.877,0.71,us,us6000tl2u,2026-08-30T15:43:53.040Z,"99 km NNE of Ruteng, Indonesia",earthquake,7.62,1.716,0.108,26,reviewed,us,us
2026-08-15T17:44:14.573Z,-7.9293,120.356,10,4.7,mb,30,74,2.958,0.57,us,us6000tl2t,2026-08-30T15:41:22.040Z,"76 km N of Ruteng, Indonesia",earthquake,8.46,1.893,0.11,25,reviewed,us,us
2026-08-15T17:41:41.607Z,51.4866,160.018,10,4.6,mb,68,119,1.754,0.56,us,us6000tl2s,2026-08-22T16:12:04.040Z,"194 km SE of Vilyuchinsk, Russia",earthquake,9.13,1.884,0.062,77,reviewed,us,us
2026-08-15T17:21:07.593Z,-8.3971,121.4515,10,4.5,mb,33,75,3.091,0.72,us,us6000tl2p,2026-08-22T16:14:01.040Z,"54 km NNW of Ende, Indonesia",earthquake,8.55,1.889,0.104,27,reviewed,us,us
2026-08-15T16:58:05.970Z,-7.795,120.6878,9.95,4.5,mb,29,118,2.915,0.83,us,us6000tl2c,2026-08-15T21:54:13.040Z,"93 km NNE of Ruteng, Indonesia",earthquake,8.32,4.784,0.127,20,reviewed,us,us
2026-08-15T16:25:18.277Z,0.2087,120.2965,72.017,5.7,mww,213,21,5.216,0.68,us,us6000tl1s,2026-08-18T18:54:25.790Z,"132 km NNE of Palu, Indonesia",earthquake,7.46,4.138,0.063,24,reviewed,us,us
2026-08-15T15:52:32.416Z,-8.2101,121.3861,10,4.9,mb,55,67,3.234,0.8,us,us6000tl1p,2026-08-15T19:17:10.040Z,"76 km NNW of Ende, Indonesia",earthquake,2.69,1.853,0.08,49,reviewed,us,us
2026-08-15T13:56:26.203Z,-6.5656,129.8692,171.398,4.5,mb,57,40,2.03,0.73,us,us6000tl19,2026-08-15T17:25:04.040Z,"Banda Sea",earthquake,7.14,7.372,0.082,49,reviewed,us,us
2026-08-15T12:14:40.304Z,-8.2578,121.2937,16.658,5.1,mb,56,82,3.292,0.83,us,us6000tl0v,2026-08-23T08:53:31.040Z,"76 km NNW of Ende, Indonesia",earthquake,8.21,4.206,0.075,58,reviewed,us,us
2026-08-15T11:30:15.229Z,24.486,122.2948,65.242,4.9,mb,53,56,0.653,0.81,us,us6000tl0a,2026-08-23T07:29:40.954Z,"62 km ESE of Yilan, Taiwan",earthquake,2.89,6.187,0.046,145,reviewed,us,us
2026-08-15T11:16:33.717Z,17.7294,147.6888,10,4.6,mb,39,146,3.077,0.62,us,us6000tm5w,2026-08-22T12:08:47.040Z,"Mariana Islands region",earthquake,11.28,1.883,0.098,31,reviewed,us,us
2026-08-15T11:10:24.186Z,-4.4905,144.0023,112.102,5.3,mb,53,57,3.833,0.5,us,us6000tkyz,2026-08-22T12:02:16.939Z,"47 km S of Angoram, Papua New Guinea",earthquake,8.03,7.222,0.051,128,reviewed,us,us
2026-08-15T10:54:51.798Z,2.9863,98.9853,175,6.9,mww,114,34,2.186,0.79,us,us6000tkyk,2026-08-22T12:01:46.810Z,"9 km WNW of Pematangsiantar, Indonesia",earthquake,6.99,1.931,0.04,59,reviewed,us,us
2026-08-15T10:36:18.094Z,-8.2301,120.3163,25.42,4.5,mb,23,141,3.244,0.76,us,us6000tm5u,2026-08-22T11:35:52.040Z,"45 km NNW of Ruteng, Indonesia",earthquake,11.61,5.467,0.131,17,reviewed,us,us
2026-08-15T10:31:33.854Z,-8.2588,120.3528,35,5,mb,37,87,3.278,1,us,us6000tkyg,2026-08-22T11:20:14.040Z,"40 km NNW of Ruteng, Indonesia",earthquake,8.17,1.924,0.098,33,reviewed,us,us
2026-08-15T10:08:03.826Z,-8.044,121.0273,35,4.6,mb,22,84,3.266,0.76,us,us6000tkyc,2026-08-22T11:06:32.040Z,"88 km NE of Ruteng, Indonesia",earthquake,9.01,1.934,0.125,19,reviewed,us,us
2026-08-15T09:51:45.732Z,-0.1836,122.0143,275.112,4.6,mb,42,68,5.304,0.76,us,us6000tkya,2026-08-22T10:50:45.040Z,"120 km NW of Luwuk, Indonesia",earthquake,9.98,8.851,0.09,37,reviewed,us,us
2026-08-15T09:47:31.010Z,-8.1726,120.0761,4.078,4.5,mb,18,116,3.154,0.89,us,us6000tm5t,2026-08-22T10:47:08.040Z,"41 km NNE of Labuan Bajo, Indonesia",earthquake,7.44,4.921,0.132,17,reviewed,us,us
2026-08-15T09:32:57.221Z,-8.2796,121.5159,34.484,4.9,mb,48,83,3.088,0.59,us,us6000tky8,2026-08-22T10:42:11.040Z,"64 km NNW of Ende, Indonesia",earthquake,8.34,4.868,0.084,45,reviewed,us,us
2026-08-15T09:08:24.547Z,-8.1093,120.5621,25.082,4.6,mb,32,82,3.178,0.9,us,us6000tky5,2026-08-22T10:21:24.040Z,"56 km N of Ruteng, Indonesia",earthquake,7.38,5.094,0.107,26,reviewed,us,us
2026-08-15T07:39:38.975Z,-8.0446,120.7765,10,5.1,mb,57,52,3.178,1.12,us,us6000tkx5,2026-08-15T07:56:30.040Z,"71 km NNE of Ruteng, Indonesia",earthquake,7.69,0.957,0.081,50,reviewed,us,us
2026-08-15T07:16:07.016Z,-8.2926,121.4064,10,4.5,mb,22,118,3.178,0.87,us,us6000tkwz,2026-08-15T12:56:31.040Z,"67 km NNW of Ende, Indonesia",earthquake,7.2,1.596,0.14,15,reviewed,us,us
2026-08-15T06:43:07.500Z,-8.2384,120.6523,10,4.7,mb,36,76,3.326,0.95,us,us6000tkwt,2026-08-15T06:59:38.040Z,"46 km NNE of Ruteng, Indonesia",earthquake,9.91,1.893,0.103,29,reviewed,us,us
2026-08-15T06:28:51.109Z,-8.2671,121.3664,10,5.1,mb,58,76,3.224,1.05,us,us6000tkwq,2026-08-15T06:45:05.040Z,"71 km NNW of Ende, Indonesia",earthquake,8.27,1.875,0.081,49,reviewed,us,us
2026-08-15T05:45:08.046Z,-8.3681,121.3609,10,5,mb,47,75,3.184,1.19,us,us6000tkwj,2026-08-15T06:10:51.926Z,"62 km NNW of Ende, Indonesia",earthquake,8.32,1.916,0.086,43,reviewed,us,us
2026-08-15T04:23:07.762Z,-8.3988,121.2851,10,4.6,mb,16,131,3.239,1.15,us,us6000tkwd,2026-08-15T04:43:31.040Z,"64 km NW of Ende, Indonesia",earthquake,10.43,1.916,0.158,12,reviewed,us,us
2026-08-15T03:54:13.099Z,-8.32,121.3458,10,5,mb,23,75,3.219,1.17,us,us6000tkw9,2026-08-15T04:08:46.040Z,"67 km NNW of Ende, Indonesia",earthquake,7.44,1.767,0.137,17,reviewed,us,us
2026-08-15T02:46:55.923Z,-8.299,121.3427,10,4.9,mb,32,75,3.231,1.05,us,us6000tkw2,2026-08-15T03:01:55.040Z,"69 km NNW of Ende, Indonesia",earthquake,6.61,1.881,0.125,20,reviewed,us,us
2026-08-15T02:18:46.795Z,-8.2289,121.3629,10,4.5,mb,13,108,3.245,1.34,us,us6000tkw0,2026-08-15T02:48:43.040Z,"75 km NNW of Ende, Indonesia",earthquake,8.57,1.936,0.181,9,reviewed,us,us
2026-08-15T02:03:45.840Z,-8.1754,121.2637,10,4.6,mb,16,131,3.357,0.73,us,us6000tkvy,2026-08-15T02:25:48.040Z,"85 km NNW of Ende, Indonesia",earthquake,11.22,1.941,0.164,11,reviewed,us,us
2026-08-15T01:37:40.307Z,-8.0505,120.5052,10,4.9,mb,30,81,3.108,0.91,us,us6000tkvt,2026-08-15T01:53:40.040Z,"62 km N of Ruteng, Indonesia",earthquake,8.27,1.9,0.115,24,reviewed,us,us
2026-08-15T01:17:20.014Z,-8.0088,120.6888,10,5.1,mb,28,65,3.117,0.84,us,us6000tkvp,2026-08-15T01:32:34.040Z,"71 km NNE of Ruteng, Indonesia",earthquake,8.3,1.884,0.139,17,reviewed,us,us
2026-08-15T01:10:51.635Z,37.2084,141.1138,50.197,4.7,mb,45,143,2.422,0.68,us,us6000tkvn,2026-08-15T01:31:41.564Z,"16 km SSE of Tomioka, Japan",earthquake,9.11,7.64,0.067,67,reviewed,us,us
2026-08-15T00:43:29.640Z,50.3745,156.3863,78.982,5.4,mb,52,120,2.857,0.71,us,us6000tkvj,2026-08-16T00:49:41.632Z,"38 km SSE of Severo-Kuril’sk, Russia",earthquake,10.41,2.778,0.032,327,reviewed,us,us
2026-08-15T00:40:18.406Z,-8.248,121.4162,10,5.1,mb,26,67,3.19,1.03,us,us6000tkvh,2026-08-15T01:02:17.040Z,"71 km NNW of Ende, Indonesia",earthquake,8.48,1.882,0.112,26,reviewed,us,us
2026-08-15T00:40:13.397Z,-62.9125,165.89,10,5.3,mb,19,134,14.735,1.24,us,us6000tkvi,2026-08-15T00:58:24.040Z,"Balleny Islands region",earthquake,15.96,1.944,0.141,19,reviewed,us,us
2026-08-15T00:20:27.120Z,-8.6065,121.2789,10,4.6,mb,26,127,3.163,1.05,us,us6000tkvg,2026-08-15T03:30:59.040Z,"49 km WNW of Ende, Indonesia",earthquake,10.63,1.902,0.116,23,reviewed,us,us
2026-08-15T00:03:22.963Z,-8.2265,121.3126,10,4.7,mb,34,83,3.29,0.96,us,us6000tkvd,2026-08-15T02:43:05.040Z,"78 km NNW of Ende, Indonesia",earthquake,8.73,1.889,0.108,27,reviewed,us,us
2026-08-14T23:52:55.591Z,-8.1975,121.5158,10,4.8,mb,31,85,3.128,0.92,us,us6000tkvc,2026-08-15T02:16:19.040Z,"73 km NNW of Ende, Indonesia",earthquake,8.51,1.865,0.135,21,reviewed,us,us
2026-08-14T23:49:58.157Z,-8.2074,121.3939,10,4.5,mb,18,118,3.228,0.86,us,us6000tkvb,2026-08-15T01:34:03.040Z,"76 km NNW of Ende, Indonesia",earthquake,7.48,1.895,0.135,17,reviewed,us,us
2026-08-14T23:17:05.284Z,-8.3348,121.359,10,5,mb,45,80,3.2,1.1,us,us6000tkv9,2026-08-14T23:48:23.040Z,"65 km NNW of Ende, Indonesia",earthquake,5.18,1.836,0.088,41,reviewed,us,us
2026-08-14T23:12:31.091Z,-8.1694,120.4166,10,5.1,mb,29,118,3.203,1.13,us,us6000tkv7,2026-08-14T23:38:30.040Z,"49 km N of Ruteng, Indonesia",earthquake,7.93,1.82,0.135,18,reviewed,us,us
2026-08-14T23:04:40.797Z,37.0789,-3.6486,10,5.2,mb,43,76,2.523,0.97,us,us6000tkv2,2026-08-19T23:43:05.387Z,"1 km SW of Otura, Spain",earthquake,6.94,1.862,0.057,103,reviewed,us,us
2026-08-14T23:00:24.573Z,-21.2711,170.0474,126.386,4.7,mb,28,74,2.759,0.77,us,us6000tlwp,2026-09-01T05:28:00.040Z,"207 km SSE of Isangel, Vanuatu",earthquake,10.02,7.52,0.117,22,reviewed,us,us
2026-08-14T23:00:03.381Z,-8.2459,120.8687,10,4.7,mb,41,44,3.397,1.09,us,us6000tl1g,2026-09-01T05:18:49.040Z,"60 km NE of Ruteng, Indonesia",earthquake,7.44,1.864,0.093,35,reviewed,us,us
2026-08-14T22:59:12.503Z,-8.1589,120.2905,10,4.7,mb,44,79,3.17,0.82,us,us6000tkv1,2026-09-01T05:15:25.040Z,"53 km NNW of Ruteng, Indonesia",earthquake,9.89,1.882,0.091,37,reviewed,us,us
2026-08-14T22:53:12.033Z,-8.0924,120.2652,10,5.3,mb,66,41,3.1,1.16,us,us6000tkuw,2026-09-01T04:47:04.040Z,"61 km NE of Labuan Bajo, Indonesia",earthquake,7.92,1.308,0.069,71,reviewed,us,us
2026-08-14T22:43:11.994Z,-8.274,119.7688,10,4.6,mb,17,153,3.238,0.68,us,us6000tlws,2026-09-01T03:32:53.040Z,"27 km NNW of Labuan Bajo, Indonesia",earthquake,7,1.896,0.193,8,reviewed,us,us
2026-08-14T22:37:17.355Z,-8.2816,120.0343,10,5.5,mb,47,46,3.258,1.19,us,us6000tkuf,2026-09-01T02:55:22.189Z,"28 km NE of Labuan Bajo, Indonesia",earthquake,5.68,1.837,0.089,43,reviewed,us,us
2026-08-14T22:28:37.743Z,-8.2904,121.5625,10,6.1,mb,82,45,3.042,1.08,us,us6000tkuc,2026-09-01T02:22:31.551Z,"62 km N of Ende, Indonesia",earthquake,7.4,1.788,0.046,177,reviewed,us,us
2026-08-14T22:27:02.125Z,-8.1366,120.5824,10,5,mb,35,86,3.21,0.99,us,us6000tlwk,2026-09-01T01:53:25.040Z,"54 km NNE of Ruteng, Indonesia",earthquake,9.47,1.884,0.109,29,reviewed,us,us
2026-08-14T22:21:54.003Z,-8.3144,121.3409,10,5.1,mb,24,77,3.225,1.33,us,us6000tlwl,2026-09-01T01:21:53.040Z,"68 km NNW of Ende, Indonesia",earthquake,12.75,1.893,0.152,16,reviewed,us,us
2026-08-14T22:18:06.706Z,-8.3406,121.4284,10,5.6,mb,24,132,3.136,1.04,us,us6000tku7,2026-08-15T22:24:14.330Z,"61 km NNW of Ende, Indonesia",earthquake,6.02,1.826,0.116,26,reviewed,us,us
2026-08-14T22:17:20.727Z,-8.3292,121.2044,10,5.4,mb,40,119,3.34,0.69,us,us6000tlx9,2026-09-01T00:27:39.531Z,"75 km NW of Ende, Indonesia",earthquake,8.05,1.836,0.105,31,reviewed,us,us
2026-08-14T22:16:59.927Z,-8.4867,121.0158,10,5.5,mb,50,110,3.449,0.96,us,us6000tkub,2026-09-01T00:08:20.271Z,"62 km ENE of Ruteng, Indonesia",earthquake,22.52,2.001,0.099,35,reviewed,us,us
2026-08-14T22:13:50.837Z,-8.2393,120.1488,10,5.9,mb,81,36,3.228,1.31,us,us6000tkta,2026-08-31T23:36:27.514Z,"40 km NE of Labuan Bajo, Indonesia",earthquake,7.6,1.797,0.064,91,reviewed,us,us
2026-08-14T22:06:29.750Z,-8.229,121.308,10,5.8,mb,41,74,3.044,1.27,us,us6000tlwi,2026-08-31T22:43:43.803Z,"78 km NNW of Ende, Indonesia",earthquake,7.51,1.812,0.11,30,reviewed,us,us
2026-08-14T21:58:21.505Z,-8.3514,121.3478,10,7.8,mww,174,24,3.203,1.11,us,us6000tkt2,2026-09-01T19:44:14.308Z,"64 km NNW of Ende, Indonesia",earthquake,7.14,1.786,0.033,89,reviewed,us,us
2026-08-14T20:23:53.872Z,-10.4124,161.7858,69.797,4.8,mb,49,102,2.053,0.72,us,us6000tksg,2026-08-14T21:17:19.594Z,"15 km WNW of Kirakira, Solomon Islands",earthquake,9.47,7.225,0.078,51,reviewed,us,us
2026-08-14T18:33:23.091Z,-12.2372,167.4585,339.954,4.5,mb,59,118,7.884,0.5,us,us6000tkrw,2026-08-30T14:08:10.040Z,"181 km N of Sola, Vanuatu",earthquake,6.51,7.769,0.055,97,reviewed,us,us
2026-08-14T18:03:53.939Z,4.2157,127.9636,10,4.7,mb,61,95,3.697,0.49,us,us6000tkrs,2026-08-30T14:01:53.040Z,"275 km N of Tobelo, Indonesia",earthquake,10.66,1.888,0.063,77,reviewed,us,us
2026-08-14T16:56:14.765Z,41.1261,48.7607,10,4.9,mb,90,51,1.822,0.65,us,us6000tkrg,2026-08-28T20:28:16.553Z,"20 km WSW of Divichibazar, Azerbaijan",earthquake,6.27,1.824,0.043,169,reviewed,us,us
2026-08-14T09:58:43.693Z,33.615,141.619,10,4.8,mb,38,114,4.038,1.08,us,us6000tkmy,2026-08-14T10:25:28.040Z,"207 km SE of Katsuura, Japan",earthquake,9.46,1.882,0.107,27,reviewed,us,us
2026-08-14T04:53:15.378Z,27.6391,139.5875,516.445,4.8,mb,71,117,7.694,0.52,us,us6000tklc,2026-08-14T05:07:20.040Z,"Bonin Islands, Japan region",earthquake,11.75,8.611,0.043,167,reviewed,us,us
2026-08-14T01:14:53.627Z,5.3865,125.1585,92.559,4.9,mb,43,95,1.724,0.92,us,us6000tkkw,2026-08-14T08:59:22.925Z,"29 km SW of Balangonan, Philippines",earthquake,10.62,7.109,0.088,41,reviewed,us,us
2026-08-13T21:23:48.876Z,32.5666,48.1175,10,4.5,mb,67,67,3.12,0.69,us,us6000tkju,2026-08-31T03:32:16.040Z,"40 km NW of Shahrak-e Kūlūrī, Iran",earthquake,5.96,1.891,0.076,53,reviewed,us,us
2026-08-13T18:39:30.077Z,5.2976,125.4298,55.266,5.3,mww,117,44,1.767,0.82,us,us6000tkig,2026-08-26T15:27:35.136Z,"12 km SSW of Sarangani, Philippines",earthquake,7.23,4.714,0.069,20,reviewed,us,us
2026-08-13T17:39:28.662Z,-56.926,147.3485,10,5.1,mww,51,52,6.986,0.69,us,us6000tki8,2026-08-25T17:20:42.040Z,"west of Macquarie Island",earthquake,8.92,1.623,0.071,19,reviewed,us,us
2026-08-13T16:28:04.579Z,-28.4874,-176.5606,10,4.6,mb,24,88,1.418,1.15,us,us6000tlnm,2026-08-28T19:17:10.040Z,"Kermadec Islands region",earthquake,6.81,1.911,0.126,20,reviewed,us,us
2026-08-13T16:11:45.730Z,-28.7929,-176.3328,10,5.6,mww,71,56,1.469,1.39,us,us6000tkhm,2026-08-28T19:18:42.556Z,"Kermadec Islands region",earthquake,6.58,1.81,0.054,33,reviewed,us,us
2026-08-13T13:13:48.206Z,11.8273,125.5375,49.335,4.5,mb,24,109,4.727,0.53,us,us6000tlnk,2026-08-28T17:00:10.040Z,"9 km ENE of Sulat, Philippines",earthquake,11.17,6.919,0.131,18,reviewed,us,us
2026-08-13T13:12:19.170Z,-2.8617,138.8726,33.938,4.5,mb,35,63,1.861,0.91,us,us6000tlnj,2026-08-28T16:06:59.040Z,"197 km W of Abepura, Indonesia",earthquake,9.36,1.426,0.102,28,reviewed,us,us
2026-08-13T12:44:59.102Z,-4.4318,143.8885,134.025,5,mb,57,40,3.706,0.58,us,us6000tkgn,2026-08-15T13:21:48.252Z,"45 km SSW of Angoram, Papua New Guinea",earthquake,7.51,7.438,0.092,38,reviewed,us,us
2026-08-13T10:23:19.536Z,-8.4115,114.1762,145.679,4.6,mb,39,75,0.063,0.83,us,us6000tkg4,2026-08-15T00:44:35.946Z,"3 km ESE of Gambiran Satu, Indonesia",earthquake,9.61,6.401,0.102,36,reviewed,us,us
2026-08-13T09:22:58.999Z,6.2479,125.8789,91.206,5.1,mww,88,50,0.869,0.99,us,us6000tkfh,2026-08-14T09:01:18.082Z,"22 km ENE of Lapuan, Philippines",earthquake,8.64,6.417,0.08,15,reviewed,us,us
2026-08-13T07:09:25.511Z,48.7896,155.449,39.155,4.5,mb,58,135,4.552,0.59,us,us6000tkeb,2026-08-20T07:20:48.040Z,"215 km SSW of Severo-Kuril’sk, Russia",earthquake,11.36,7.58,0.059,85,reviewed,us,us
2026-08-13T00:35:18.815Z,36.7849,74.3579,58.893,5.1,mww,93,28,2.131,0.91,us,us6000tkci,2026-08-13T01:53:07.806Z,"59 km NNW of Barishal, Pakistan",earthquake,6.74,6.257,0.089,12,reviewed,us,us
2026-08-13T00:33:27.168Z,73.4757,7.8276,10,4.7,mww,36,60,5.164,1.08,us,us6000tkcj,2026-08-14T12:08:42.040Z,"Greenland Sea",earthquake,10.06,1.876,0.083,14,reviewed,us,us
2026-08-13T00:30:04.840Z,12.6084,-88.2864,56.794,5.5,mww,38,186,0.856,1.28,us,us6000tkcb,2026-08-13T14:15:42.806Z,"69 km SSW of Chirilagua, El Salvador",earthquake,6.07,11.206,0.047,43,reviewed,us,us
2026-08-12T22:22:47.252Z,-25.5297,-174.811,10,4.5,mb,16,104,7.853,0.82,us,us6000tl73,2026-08-23T22:41:07.040Z,"south of Tonga",earthquake,10.92,1.802,0.157,12,reviewed,us,us
2026-08-12T22:13:34.815Z,-17.8169,-178.5634,583.718,5.1,mb,106,80,2.382,0.72,us,us6000tkba,2026-08-23T22:28:00.040Z,"226 km E of Levuka, Fiji",earthquake,10.91,5.237,0.025,538,reviewed,us,us
2026-08-12T21:25:20.175Z,20.4747,122.2673,10,4.7,mb,53,120,2.58,0.46,us,us6000tkax,2026-08-21T04:01:11.040Z,"31 km E of Basco, Philippines",earthquake,5.15,1.886,0.077,52,reviewed,us,us
2026-08-12T18:58:25.658Z,-6.5002,129.516,178.38,4.5,mb,85,35,2.002,0.67,us,us6000tk9q,2026-08-13T14:10:35.040Z,"Banda Sea",earthquake,7.71,6.657,0.065,75,reviewed,us,us
2026-08-12T11:56:29.774Z,13.9641,-92.3028,35,4.6,mb,68,185,2.31,1.15,us,us6000tk75,2026-08-12T15:13:08.040Z,"55 km SW of Champerico, Guatemala",earthquake,7.9,1.974,0.03,325,reviewed,us,us
2026-08-12T11:47:12.117Z,-60.2445,-28.9899,10,6,mww,76,64,7.224,0.56,us,us6000tk74,2026-08-13T11:53:26.966Z,"South Sandwich Islands region",earthquake,10.32,1.808,0.066,22,reviewed,us,us
2026-08-12T10:15:28.554Z,-2.6342,127.7768,10,4.5,mb,28,65,2.833,0.52,us,us6000tk6n,2026-08-12T13:35:04.040Z,"125 km NNW of Ambon, Indonesia",earthquake,8.73,1.91,0.124,19,reviewed,us,us
2026-08-12T08:14:47.990Z,10.686,-62.5732,99.27,4.5,mb,59,84,0.983,0.89,us,us6000tl9r,2026-09-01T07:52:05.040Z,"30 km ENE of Yaguaraparo, Venezuela",earthquake,7.28,6.482,0.081,44,reviewed,us,us
2026-08-12T07:14:52.581Z,42.0411,75.3037,10,5,mb,76,53,0.746,1.19,us,us6000tk5x,2026-08-12T09:45:09.453Z,"66 km E of Chayek, Kyrgyzstan",earthquake,5.11,1.324,0.043,171,reviewed,us,us
2026-08-12T05:11:26.953Z,-55.8881,-143.5487,10,5.1,mb,50,63,27.791,0.67,us,us6000tk5j,2026-09-01T14:35:35.040Z,"Pacific-Antarctic Ridge",earthquake,11.29,1.574,0.097,35,reviewed,us,us
2026-08-12T04:05:51.903Z,32.4564,130.4504,10,4.9,mww,44,115,0.944,1.15,us,us6000tk5c,2026-08-12T10:39:06.523Z,"14 km WSW of Honmachi, Japan",earthquake,5.22,1.34,0.098,10,reviewed,us,us
2026-08-12T03:48:33.980Z,18.879,-155.23333333333,10.73,5.2,ml,60,256,0.3499,0.14,hv,hv75018296,2026-08-14T12:13:17.679Z,"42 km ESE of Naalehu, Hawaii",earthquake,0.44,0.49,0.17446513472039,48,reviewed,hv,hv
2026-08-11T23:33:13.327Z,-3.9425,139.8821,22.114,4.7,mb,39,80,1.638,0.61,us,us6000tk41,2026-08-21T00:47:30.040Z,"170 km SSW of Abepura, Indonesia",earthquake,10.81,5.702,0.092,36,reviewed,us,us
2026-08-11T22:29:34.063Z,6.2416,-73.7019,116.733,4.5,mb,26,61,0.706,0.84,us,us6000tkql,2026-08-20T22:21:59.040Z,"12 km ENE of Landázuri, Colombia",earthquake,6.43,7.293,0.191,8,reviewed,us,us
2026-08-11T21:45:54.898Z,41.6137,142.1225,68.868,4.8,mww,52,113,0.871,0.78,us,us6000tk3b,2026-08-20T04:44:48.040Z,"81 km SW of Urakawa, Japan",earthquake,5.92,5.707,0.098,10,reviewed,us,us
2026-08-11T21:37:04.540Z,32.4227,69.7503,44.491,4.6,mb,47,96,2.149,0.63,us,us6000tk33,2026-08-20T04:39:19.040Z,"21 km NE of Wana, Pakistan",earthquake,8.83,7.058,0.057,91,reviewed,us,us
2026-08-11T20:55:27.983Z,2.717,126.4972,53.612,4.5,mb,32,124,12.587,0.75,us,us6000tk2n,2026-08-24T21:35:25.040Z,"200 km WNW of Tobelo, Indonesia",earthquake,14.3,8.071,0.104,27,reviewed,us,us
2026-08-11T20:31:29.038Z,-4.6393,152.9244,71.07,5,mww,145,35,0.879,0.65,us,us6000tk29,2026-08-24T21:15:12.055Z,"79 km ESE of Kokopo, Papua New Guinea",earthquake,7.63,4.632,0.093,11,reviewed,us,us
2026-08-11T20:14:18.524Z,1.67,128.3815,10,5,mb,92,54,3.831,0.8,us,us6000tk1y,2026-08-24T21:08:14.040Z,"41 km E of Tobelo, Indonesia",earthquake,8.96,1.768,0.051,122,reviewed,us,us
2026-08-11T19:55:41.169Z,10.5368,93.5204,110.71,4.8,mb,127,35,6.271,0.73,us,us6000tk1m,2026-08-24T21:01:28.040Z,"150 km SE of Port Blair, India",earthquake,8.55,5.102,0.059,91,reviewed,us,us
2026-08-11T18:45:23.331Z,-18.9346,-173.0442,30.309,4.5,mb,27,77,2.952,0.6,us,us6000tk14,2026-08-24T19:54:00.040Z,"103 km ESE of Neiafu, Tonga",earthquake,10.9,5.099,0.106,26,reviewed,us,us
2026-08-11T18:10:25.519Z,-31.5493,126.5777,10,4.6,mb,44,122,1.484,0.55,us,us6000tk0u,2026-08-24T19:27:18.040Z,"Western Australia",earthquake,5.49,1.801,0.103,28,reviewed,us,us
2026-08-11T17:21:16.151Z,45.5724,26.1037,139.851,4.6,mb,111,23,0.138,0.82,us,us6000tk0c,2026-08-24T18:10:24.450Z,"9 km ESE of Vama Buzăului, Romania",earthquake,5.66,5.696,0.043,163,reviewed,us,us
2026-08-11T17:06:18.407Z,-7.5839,144.9098,10,5,mb,75,24,2.868,0.85,us,us6000tk0a,2026-08-24T17:49:50.040Z,"103 km WNW of Kerema, Papua New Guinea",earthquake,6.58,1.782,0.058,94,reviewed,us,us
2026-08-11T12:45:12.884Z,-7.397,130.3922,30.609,4.8,mb,53,86,2.897,0.74,us,us6000tjxa,2026-08-11T13:31:28.040Z,"Pulau Pulau Tanimbar, Indonesia",earthquake,7.54,5.467,0.08,48,reviewed,us,us
2026-08-11T12:13:41.963Z,49.2842,153.1425,174.304,4.5,mb,78,143,4.781,0.63,us,us6000tjx7,2026-08-11T15:55:40.040Z,"264 km SW of Severo-Kuril’sk, Russia",earthquake,11.84,7.843,0.033,262,reviewed,us,us
2026-08-11T10:49:52.149Z,-6.7252,129.7317,170.699,4.6,mb,84,83,2.195,0.4,us,us6000tjx1,2026-08-11T12:11:17.040Z,"Banda Sea",earthquake,8.72,7.183,0.057,93,reviewed,us,us
2026-08-11T08:49:24.635Z,54.4899,-159.9971,36.925,4.6,mb,48,168,1.527,0.98,us,us6000tjwh,2026-08-14T21:17:31.385Z,"99 km SSE of Sand Point, Alaska",earthquake,7.17,11.831,0.046,137,reviewed,us,us
2026-08-11T08:00:34.362Z,-5.8682,-81.0116,39.674,4.6,mb,37,154,2.49,0.74,us,us6000tjwd,2026-08-11T08:53:31.040Z,"40 km SSW of Sechura, Peru",earthquake,10.74,7.738,0.073,56,reviewed,us,us
2026-08-11T03:11:19.919Z,-23.5978,-179.7759,548.449,4.5,mb,55,79,6.168,0.58,us,us6000tjvb,2026-08-11T03:41:08.040Z,"south of the Fiji Islands",earthquake,10.3,6.834,0.05,119,reviewed,us,us
2026-08-11T02:46:07.844Z,-54.0512,-135.8731,10,4.6,mb,21,174,34.019,0.81,us,us6000tkfr,2026-08-13T10:01:45.040Z,"Pacific-Antarctic Ridge",earthquake,14.9,1.925,0.122,20,reviewed,us,us
2026-08-11T01:12:46.205Z,-4.4801,102.5519,61.94,4.7,mb,38,188,0.42,0.64,us,us6000tjug,2026-08-11T03:25:21.420Z,"81 km SSE of Bengkulu, Indonesia",earthquake,9.28,5.962,0.112,24,reviewed,us,us
2026-08-10T23:15:29.388Z,1.8096,127.5606,10,4.7,mb,17,166,5.586,0.61,us,us6000tkp2,2026-08-20T03:47:20.040Z,"50 km W of Tobelo, Indonesia",earthquake,15.85,1.949,0.153,13,reviewed,us,us
2026-08-10T21:31:43.296Z,28.6412,104.6812,45.44,4.5,mb,104,38,7.341,0.73,us,us6000tjt8,2026-08-20T02:13:07.040Z,"13 km SSE of Yibin, China",earthquake,9.04,6.54,0.059,85,reviewed,us,us
2026-08-10T20:54:58.695Z,8.4074,-85.5543,10,4.9,mwr,68,151,1.963,0.56,us,us6000tjsr,2026-08-20T19:14:48.040Z,"163 km S of Sámara, Costa Rica",earthquake,7.26,1.901,0.073,18,reviewed,us,us
2026-08-10T18:40:24.937Z,28.5462,104.6536,10,4.6,mb,77,73,7.433,0.51,us,us6000tjri,2026-08-20T17:13:54.040Z,"11 km NNW of Xunchang, China",earthquake,9.44,1.862,0.054,101,reviewed,us,us
2026-08-10T17:08:06.212Z,-5.9436,102.3524,18.046,5,mb,56,132,1.683,0.84,us,us6000tjqj,2026-08-22T15:12:14.040Z,"234 km SSW of Pagar Alam, Indonesia",earthquake,7.69,3.639,0.081,49,reviewed,us,us
2026-08-10T16:21:30.959Z,-65.6012,-179.1716,10,4.6,mb,14,236,13.003,1.09,us,us6000tknn,2026-08-23T20:50:58.040Z,"Pacific-Antarctic Ridge",earthquake,11.38,1.989,0.223,6,reviewed,us,us
2026-08-10T15:01:09.491Z,32.5687,48.0286,10,4.7,mb,66,88,3.063,0.63,us,us6000tjmt,2026-08-23T19:59:29.040Z,"46 km NNW of Shūsh, Iran",earthquake,10.6,1.894,0.064,73,reviewed,us,us
2026-08-10T13:18:09.581Z,4.877,-76.3246,91.129,5,mb,119,49,1.527,0.76,us,us6000tjm4,2026-08-28T21:41:43.748Z,"10 km WSW of San José del Palmar, Colombia",earthquake,6.91,3.164,0.044,165,reviewed,us,us
2026-08-10T12:46:10.533Z,-13.0145,168.8461,644.704,4.8,mb,47,65,8.672,0.72,us,us6000tjls,2026-09-01T16:08:18.040Z,"169 km NE of Sola, Vanuatu",earthquake,13.96,12.068,0.089,39,reviewed,us,us
2026-08-10T12:34:28.009Z,4.8836,-76.2182,108.174,7.4,mww,151,32,1.469,0.87,us,us6000tjl2,2026-09-01T15:07:31.652Z,"2 km SE of San José del Palmar, Colombia",earthquake,6.54,4.673,0.026,147,reviewed,us,us
2026-08-10T12:12:22.575Z,17.385,-45.9908,10,5,mww,79,119,13.829,1.27,us,us6000tjl0,2026-09-01T16:02:28.040Z,"northern Mid-Atlantic Ridge",earthquake,12.19,1.878,0.103,9,reviewed,us,us
2026-08-10T11:50:43.108Z,-12.8783,168.8111,631.838,4.6,mb,54,62,8.773,0.52,us,us6000tkp8,2026-09-01T13:04:43.040Z,"175 km NE of Sola, Vanuatu",earthquake,13.87,9.925,0.064,73,reviewed,us,us
2026-08-10T11:50:26.040Z,-12.871,168.895,645.026,4.7,mb,117,37,8.82,0.64,us,us6000tjku,2026-09-01T15:58:25.040Z,"183 km NE of Sola, Vanuatu",earthquake,10.14,6.228,0.027,414,reviewed,us,us
2026-08-10T11:23:00.839Z,-1.6004,-15.1555,10,4.8,mb,44,54,6.222,0.54,us,us6000tknj,2026-09-01T12:57:09.040Z,"north of Ascension Island",earthquake,12.18,1.861,0.096,33,reviewed,us,us
2026-08-10T10:36:42.622Z,44.0156,147.4942,66.149,4.7,mb,59,135,3.534,0.41,us,us6000tjkl,2026-08-10T11:05:50.040Z,"66 km ENE of Shikotan, Russia",earthquake,10.97,7.532,0.047,138,reviewed,us,us
2026-08-10T08:34:28.098Z,-19.7958,170,10,4.8,mb,27,104,3.679,0.82,us,us6000tjk6,2026-08-10T09:05:32.040Z,"80 km ESE of Isangel, Vanuatu",earthquake,9.15,1.887,0.131,18,reviewed,us,us
2026-08-10T07:17:28.964Z,-37.4038,177.8305,71.243,4.8,mb,38,140,0.41,1,us,us6000tjjz,2026-08-10T11:30:55.340Z,"46 km WNW of Hicks Bay, New Zealand",earthquake,7.24,5.957,0.127,19,reviewed,us,us
2026-08-10T05:41:44.224Z,0.3112,-114.648,10,5.5,mb,83,60,23.284,1.02,us,us6000tjjj,2026-08-11T05:47:39.637Z,"east central Pacific Ocean",earthquake,11.58,1.86,0.02,863,reviewed,us,us
2026-08-10T05:35:51.062Z,8.9207,126.0577,103.062,4.6,mb,50,95,1.899,0.51,us,us6000tjjh,2026-08-10T06:30:04.040Z,"13 km ESE of San Miguel, Philippines",earthquake,11.45,7.324,0.059,88,reviewed,us,us
2026-08-10T01:20:10.296Z,-15.5101,-173.0588,10,4.9,mb,32,74,2.015,0.52,us,us6000tjiq,2026-08-28T04:57:05.040Z,"93 km ENE of Hihifo, Tonga",earthquake,8.36,1.745,0.039,212,reviewed,us,us
2026-08-09T22:17:27.868Z,4.1464,126.8313,35,5,mb,92,71,3.16,0.92,us,us6000tji3,2026-08-19T00:18:11.040Z,"205 km SE of Sarangani, Philippines",earthquake,9.92,1.81,0.044,165,reviewed,us,us
2026-08-09T21:42:38.829Z,4.1669,126.9437,35,4.9,mb,69,74,3.187,0.66,us,us6000tjhn,2026-08-18T23:57:11.040Z,"213 km SE of Sarangani, Philippines",earthquake,6.11,1.842,0.058,94,reviewed,us,us
2026-08-09T20:36:43.066Z,-0.5302,130.3087,10,4.5,mb,51,108,3.064,0.35,us,us6000tjhi,2026-08-20T16:14:36.040Z,"39 km SW of Waisai, Indonesia",earthquake,10.07,1.87,0.081,45,reviewed,us,us
2026-08-09T19:51:00.292Z,-54.2755,-136.8285,10,4.5,mb,16,172,30.647,0.56,us,us6000tkf7,2026-08-21T15:45:03.040Z,"Pacific-Antarctic Ridge",earthquake,9.17,1.938,0.145,15,reviewed,us,us
2026-08-09T18:37:10.869Z,-46.898,-10.5421,10,4.7,mb,41,106,9.91,0.43,us,us6000tkf5,2026-08-21T15:21:22.040Z,"southern Mid-Atlantic Ridge",earthquake,12.35,1.916,0.087,40,reviewed,us,us
2026-08-09T18:23:02.909Z,-23.8137,-179.8567,528.903,4.5,mb,54,104,5.678,0.67,us,us6000tjgp,2026-08-22T15:05:15.040Z,"south of the Fiji Islands",earthquake,13.92,8.086,0.085,40,reviewed,us,us
2026-08-09T18:11:30.977Z,-5.7944,154.4224,117.611,4.5,mb,64,67,2.757,0.66,us,us6000tjgl,2026-08-22T15:02:28.040Z,"131 km WNW of Panguna, Papua New Guinea",earthquake,10.18,7.145,0.057,91,reviewed,us,us
2026-08-09T17:11:43.006Z,8.9506,40.03,10,4.6,mb,44,90,3.776,0.7,us,us6000tjgf,2026-08-21T14:37:48.040Z,"13 km ENE of Metahāra, Ethiopia",earthquake,7.51,1.847,0.094,34,reviewed,us,us
2026-08-09T17:05:40.991Z,11.4163,125.312,99,4.8,mb,93,99,4.327,0.59,us,us6000tjgd,2026-08-22T14:54:31.097Z,"15 km E of Mabini, Philippines",earthquake,9.76,6.499,0.042,172,reviewed,us,us
2026-08-09T16:51:59.850Z,1.8449,66.8419,10,4.6,mb,13,173,14.826,0.78,us,us6000tkf1,2026-08-23T19:53:36.040Z,"Carlsberg Ridge",earthquake,11.39,1.939,0.193,8,reviewed,us,us
2026-08-09T15:40:04.683Z,-10.9784,-74.4934,87.264,4.6,mb,52,74,2.511,0.81,us,us6000tjfr,2026-08-23T19:14:36.040Z,"27 km NW of Puerto Ocopa, Peru",earthquake,9.21,7.815,0.045,148,reviewed,us,us
2026-08-09T15:15:03.969Z,-5.8046,102.8509,35,5.2,mww,100,51,1.438,0.9,us,us6000tjfj,2026-08-23T18:28:14.040Z,"201 km SSW of Pagar Alam, Indonesia",earthquake,8.97,1.832,0.086,13,reviewed,us,us
2026-08-09T13:47:05.426Z,4.8378,125.6626,155.081,4.5,mb,47,110,2.219,1.26,us,us6000tjfb,2026-08-23T17:06:16.040Z,"66 km SSE of Sarangani, Philippines",earthquake,10.86,7.528,0.088,40,reviewed,us,us
2026-08-09T13:02:17.228Z,-31.8385,-178.4124,30.273,4.6,mb,16,170,2.618,0.94,us,us6000tkex,2026-08-23T16:34:36.040Z,"Kermadec Islands region",earthquake,12.76,9.076,0.158,12,reviewed,us,us
2026-08-09T11:57:33.411Z,2.3286,-101.891,10,5.2,mww,84,156,11.979,0.51,us,us6000tjen,2026-09-01T15:50:05.040Z,"Galapagos Triple Junction region",earthquake,13.28,1.925,0.069,20,reviewed,us,us
2026-08-09T10:04:31.071Z,4.5221,125.366,10,4.6,mb,37,106,2.54,0.63,us,us6000tje3,2026-09-01T15:42:48.040Z,"98 km S of Sarangani, Philippines",earthquake,12.54,1.91,0.098,31,reviewed,us,us
2026-08-09T09:59:34.626Z,35.8288,140.1472,77.37,4.6,mb,34,71,1.722,0.6,us,us6000tker,2026-09-01T11:34:58.040Z,"1 km WSW of Inzai, Japan",earthquake,4.31,7.397,0.129,18,reviewed,us,us
2026-08-09T04:05:44.245Z,-12.0506,-75.4906,10,4.6,mb,22,100,1.324,1.12,us,us6000tjcr,2026-08-09T07:02:41.171Z,"12 km W of Chambara, Peru",earthquake,8.63,1.923,0.07,61,reviewed,us,us
2026-08-09T03:36:17.166Z,51.987,-173.261,60.301,4.9,mb,76,125,0.591,1.07,us,us6000tjcn,2026-08-14T21:22:35.614Z,"68 km ESE of Atka, Alaska",earthquake,7.02,5.254,0.028,406,reviewed,us,us
2026-08-09T03:02:07.086Z,7.017,94.1402,10,5,mb,53,65,3.308,0.84,us,us6000tjcl,2026-08-09T03:21:18.040Z,"180 km NW of Sabang, Indonesia",earthquake,5.27,1.837,0.075,57,reviewed,us,us
2026-08-09T01:09:19.167Z,-17.848,-178.453,589.12,4.9,mb,40,122,2.487,0.85,us,us6000tjc4,2026-08-09T01:24:29.040Z,"237 km E of Levuka, Fiji",earthquake,15.84,9.085,0.11,26,reviewed,us,us
2026-08-08T23:12:18.371Z,5.138,125.4756,10,4.5,mb,30,122,1.922,1.22,us,us6000tjbq,2026-08-28T05:26:59.040Z,"29 km S of Sarangani, Philippines",earthquake,6.97,1.912,0.118,23,reviewed,us,us
2026-08-08T22:09:05.175Z,33.7988,-38.0208,10,4.8,mww,80,46,10.892,0.68,us,us6000tjbg,2026-08-28T04:24:36.040Z,"northern Mid-Atlantic Ridge",earthquake,9.99,1.856,0.078,16,reviewed,us,us
2026-08-08T19:07:57.068Z,-28.5317,-176.5266,10,4.7,mb,41,123,1.42,0.6,us,us6000tjas,2026-08-22T14:48:24.040Z,"Kermadec Islands region",earthquake,9.58,1.862,0.08,48,reviewed,us,us
2026-08-08T18:28:27.317Z,-10.6445,165.4106,89.587,4.6,mb,48,106,5.512,0.91,us,us6000tjan,2026-08-22T14:43:16.040Z,"43 km WNW of Lata, Solomon Islands",earthquake,11.13,1.35,0.061,81,reviewed,us,us
2026-08-08T17:57:58.812Z,40.1992,142.3591,34,5.5,mww,123,96,1.15,0.68,us,us6000tjaj,2026-08-22T14:42:49.249Z,"47 km ENE of Noda, Japan",earthquake,7.02,1.891,0.066,22,reviewed,us,us
2026-08-08T15:33:08.369Z,46.7745,153.0277,34.915,4.5,mb,70,134,7.018,0.56,us,us6000tj9r,2026-08-11T18:23:14.040Z,"Kuril Islands",earthquake,10.53,6.105,0.068,64,reviewed,us,us
2026-08-08T13:49:30.268Z,-41.3363,-90.6282,10,5.2,mww,51,76,14.032,0.53,us,us6000tjer,2026-08-29T21:37:04.040Z,"southeast of Easter Island",earthquake,14.25,1.89,0.103,9,reviewed,us,us
2026-08-08T12:44:22.813Z,-24.3442,-67.0608,165.5,4.5,mb,21,90,1.724,0.69,us,us6000tj96,2026-08-13T08:37:43.040Z,"76 km W of San Antonio de los Cobres, Argentina",earthquake,8.14,8.156,0.145,14,reviewed,us,us
2026-08-08T11:41:27.790Z,-41.4078,-90.0948,10,5.5,mww,56,100,12.649,0.98,us,us6000tj8t,2026-08-13T08:23:37.363Z,"southeast of Easter Island",earthquake,13.32,1.879,0.049,40,reviewed,us,us
2026-08-08T10:56:05.537Z,-17.537,172.9342,10,4.6,mb,24,102,4.885,0.59,us,us6000tj8n,2026-08-13T08:00:27.040Z,"Vanuatu region",earthquake,10.13,1.917,0.117,22,reviewed,us,us
2026-08-08T10:20:47.001Z,5.088,125.0662,11.138,4.9,mb,32,125,2.034,0.61,us,us6000tj8e,2026-08-13T07:55:05.040Z,"56 km SW of Sarangani, Philippines",earthquake,8.27,4.873,0.114,24,reviewed,us,us
2026-08-08T08:40:42.501Z,-29.9492,-177.9164,100.936,4.8,mb,26,113,0.702,0.93,us,us6000tj7x,2026-09-01T13:36:26.040Z,"Kermadec Islands, New Zealand",earthquake,13.57,9.648,0.113,24,reviewed,us,us
2026-08-08T05:39:41.358Z,49.8894,155.7358,94.757,4.8,mb,139,122,3.449,0.61,us,us6000tj70,2026-09-01T15:15:46.040Z,"91 km SSW of Severo-Kuril’sk, Russia",earthquake,9.59,6.783,0.025,482,reviewed,us,us
2026-08-08T05:13:33.928Z,-35.1758,179.9899,42.718,4.5,mb,19,252,2.742,1.06,us,us6000tk8t,2026-09-01T11:12:21.040Z,"off the east coast of the North Island of New Zealand",earthquake,11.96,12.602,0.191,8,reviewed,us,us
2026-08-08T04:50:34.985Z,62.269,-152.314,10,5.6,ml,228,18,0.5,1.1,ak,aka2026powmkf,2026-08-30T05:00:49.931Z,"57 km WNW of Skwentna, Alaska",earthquake,1.5,0,0.2,154,reviewed,ak,ak
2026-08-08T03:59:31.810Z,-28.4766,-176.5487,10,5,mb,24,122,1.432,1.16,us,us6000tj69,2026-08-08T04:16:10.040Z,"Kermadec Islands region",earthquake,12.57,1.927,0.113,25,reviewed,us,us
2026-08-08T03:45:26.267Z,39.6351,82.875,10,4.8,mb,41,97,4.482,0.56,us,us6000tj68,2026-08-08T03:59:37.040Z,"158 km NNE of Darya Boyi, China",earthquake,7.79,1.503,0.054,107,reviewed,us,us
2026-08-08T03:30:04.685Z,32.7786,73.853,10,4.5,mb,36,225,0.998,1.24,us,us6000tj67,2026-08-08T04:57:57.539Z,"2 km ESE of Mehmand Chak, Pakistan",earthquake,6.63,1.903,0.084,42,reviewed,us,us
2026-08-08T02:44:59.172Z,5.1189,125.3651,10,4.6,mb,35,113,1.95,0.63,us,us6000tj65,2026-08-08T03:01:57.040Z,"33 km SSW of Sarangani, Philippines",earthquake,11.03,1.909,0.083,43,reviewed,us,us
2026-08-07T23:30:48.314Z,0.2431,122.0489,197.172,4.5,mb,22,125,5.704,0.58,us,us6000tj4x,2026-08-28T22:01:33.040Z,"117 km WSW of Gorontalo, Indonesia",earthquake,15.68,9.507,0.135,18,reviewed,us,us
2026-08-07T23:19:07.819Z,-13.7623,-112.1227,10,5.1,mww,51,90,13.565,0.75,us,us6000tjel,2026-08-28T04:14:49.040Z,"central East Pacific Rise",earthquake,9.31,1.795,0.098,10,reviewed,us,us
2026-08-07T23:11:23.403Z,-12.1228,-75.5073,10,4.7,mb,40,95,1.313,1.06,us,us6000tj4s,2026-08-30T05:25:43.153Z,"15 km WNW of Yanacancha, Peru",earthquake,8.13,1.621,0.052,111,reviewed,us,us
2026-08-07T22:53:49.801Z,5.8462,125.5769,142.96,4.6,mb,57,103,1.215,0.62,us,us6000tj4i,2026-08-28T22:08:29.040Z,"10 km SW of Caburan, Philippines",earthquake,11.19,6.914,0.055,97,reviewed,us,us
2026-08-07T22:19:39.420Z,-21.5716,-113.6527,10,4.8,mb,54,147,6.762,0.92,us,us6000tj4f,2026-08-28T03:28:29.040Z,"southern East Pacific Rise",earthquake,13.84,1.914,0.057,96,reviewed,us,us
2026-08-07T14:55:33.587Z,36.8327,72.6863,10,4.5,mb,42,150,1.486,0.89,us,us6000tiyy,2026-08-22T20:50:11.040Z,"35 km ESE of Khandūd, Afghanistan",earthquake,10.4,1.932,0.083,42,reviewed,us,us
2026-08-07T14:21:29.448Z,50.3577,156.7443,77.647,5,mb,73,123,2.818,0.63,us,us6000tixr,2026-08-22T20:36:41.040Z,"56 km SE of Severo-Kuril’sk, Russia",earthquake,10.85,6.972,0.027,455,reviewed,us,us
2026-08-07T14:07:39.335Z,-5.5972,110.2073,534.988,4.8,mb,76,47,1.461,0.77,us,us6000tixn,2026-08-22T20:48:06.040Z,"112 km NNW of Batang, Indonesia",earthquake,10.71,7.943,0.053,111,reviewed,us,us
2026-08-07T13:13:03.228Z,-28.8208,-176.8325,35,4.9,mb,31,75,1.049,1.36,us,us6000tjzg,2026-08-22T20:32:48.040Z,"Kermadec Islands region",earthquake,9.97,1.912,0.068,70,reviewed,us,us
2026-08-07T13:09:04.294Z,-15.7191,-173.9043,161.069,4.5,mb,39,123,6.508,1.08,us,us6000tixe,2026-08-22T20:22:58.040Z,"28 km NNW of Hihifo, Tonga",earthquake,15.38,7.331,0.1,30,reviewed,us,us
2026-08-07T12:12:28.806Z,1.4298,126.8031,52.473,4.5,mb,26,90,5.734,0.56,us,us6000tjzd,2026-09-01T09:08:54.040Z,"95 km NW of Ternate, Indonesia",earthquake,9.37,8.387,0.121,20,reviewed,us,us
2026-08-07T08:43:38.581Z,5.189,125.0898,12.314,4.7,mb,40,116,1.931,0.62,us,us6000tiwj,2026-08-12T12:48:58.040Z,"47 km WSW of Sarangani, Philippines",earthquake,10.86,2.417,0.081,46,reviewed,us,us
2026-08-07T06:23:02.987Z,4.4892,125.941,102.132,4.5,mb,48,107,2.589,1.24,us,us6000tiw5,2026-08-07T13:50:01.040Z,"114 km SSE of Sarangani, Philippines",earthquake,9.45,5.639,0.068,64,reviewed,us,us
2026-08-07T05:08:30.186Z,28.4377,104.7436,10,5.1,mb,99,73,7.549,0.81,us,us6000tivz,2026-09-01T12:18:42.679Z,"3 km ESE of Xunchang, China",earthquake,8.82,1.779,0.045,157,reviewed,us,us
2026-08-07T02:38:10.013Z,13.3855,120.6108,90.196,5,mb,79,83,7.955,1.19,us,us6000tivb,2026-08-07T08:11:32.546Z,"7 km NW of Cabacao, Philippines",earthquake,8.83,5.014,0.048,142,reviewed,us,us
2026-08-07T00:00:38.691Z,-33.1516,-68.8411,10,4.5,mb,36,105,1.112,1.34,us,us6000tits,2026-08-28T03:54:44.961Z,"28 km S of Mendoza, Argentina",earthquake,2.91,1.904,0.145,15,reviewed,us,us
2026-08-06T23:24:46.326Z,-29.7869,-177.0292,10,4.6,mb,16,164,0.952,1.04,us,us6000tjyt,2026-08-30T03:47:16.040Z,"Kermadec Islands, New Zealand",earthquake,10.71,1.949,0.173,10,reviewed,us,us
2026-08-06T21:17:27.391Z,-38.2413,178.6074,16.578,4.8,mb,33,205,0.718,0.7,us,us6000tiqe,2026-08-28T05:11:12.040Z,"68 km NE of Mangapapa, New Zealand",earthquake,5.77,5.101,0.154,13,reviewed,us,us
2026-08-06T20:07:23.261Z,52.17,160.2065,25.847,4.7,mb,98,118,1.277,0.81,us,us6000tipv,2026-08-24T15:51:04.040Z,"146 km SE of Petropavlovsk-Kamchatsky, Russia",earthquake,8.91,5.247,0.057,92,reviewed,us,us
2026-08-06T18:57:21.190Z,-12.1916,-75.4066,10,5.3,mww,135,41,1.419,0.66,us,us6000tip9,2026-08-30T14:28:07.950Z,"2 km WNW of Yanacancha, Peru",earthquake,7.47,1.772,0.075,17,reviewed,us,us
2026-08-06T17:50:39.455Z,39.6286,143.7247,10,4.6,mb,51,123,2.344,0.72,us,us6000timi,2026-08-24T14:07:43.040Z,"153 km E of Miyako, Japan",earthquake,8.41,1.891,0.098,31,reviewed,us,us
2026-08-06T17:43:36.948Z,39.6168,143.7015,10,5.3,mww,151,67,2.334,0.65,us,us6000timf,2026-08-23T19:29:11.040Z,"151 km E of Miyako, Japan",earthquake,7.69,1.754,0.057,30,reviewed,us,us
2026-08-06T16:01:59.304Z,-3.282,148.6223,10,4.9,mb,47,77,1.757,0.77,us,us6000tikr,2026-08-22T20:09:10.040Z,"203 km SE of Lorengau, Papua New Guinea",earthquake,9.03,1.873,0.083,56,reviewed,us,us
2026-08-06T13:42:12.609Z,-8.0479,158.6274,67.212,5.1,mww,89,45,1.901,0.84,us,us6000tik6,2026-08-22T19:21:43.040Z,"106 km W of Buala, Solomon Islands",earthquake,9.31,5.528,0.089,12,reviewed,us,us
2026-08-06T10:49:24.271Z,32.6611,130.7231,10,4.6,mb,51,109,1.171,1.03,us,us6000tijg,2026-08-06T14:06:24.872Z,"5 km ENE of Matsubase, Japan",earthquake,4.52,1.858,0.067,67,reviewed,us,us
2026-08-06T09:55:40.381Z,42.4079,-125.9976,10,4.9,mww,23,234,1.226,0.38,us,us6000tij5,2026-08-31T10:05:48.807Z,"128 km WSW of Port Orford, Oregon",earthquake,5.31,2.002,0.071,19,reviewed,us,us
2026-08-06T06:44:04.020Z,-20.8299,-175.8259,113.351,4.5,mb,48,106,5.816,0.64,us,us6000tiie,2026-08-12T11:21:04.040Z,"66 km NW of Houma, Tonga",earthquake,13.87,7.565,0.064,71,reviewed,us,us
2026-08-06T03:12:10.994Z,5.1629,125.0695,35,4.7,mb,48,116,1.961,0.71,us,us6000tihf,2026-09-01T05:07:14.040Z,"51 km WSW of Sarangani, Philippines",earthquake,10.33,1.921,0.093,35,reviewed,us,us
2026-08-06T03:08:23.742Z,-14.8033,-172.4188,10,4.6,mb,37,124,1.082,0.66,us,us6000tjy2,2026-09-01T04:09:35.040Z,"109 km SSW of Lotofagā, Samoa",earthquake,12.57,1.853,0.114,23,reviewed,us,us
2026-08-06T00:15:17.634Z,29.0283,94.6765,10,4.8,mb,56,91,7.792,1,us,us6000tigl,2026-08-06T02:09:26.479Z,"62 km NNE of Shi Yomi, India",earthquake,9.89,1.873,0.065,72,reviewed,us,us
2026-08-05T23:40:14.963Z,-22.9687,171.3751,10,4.5,mb,12,251,3.642,0.67,us,us6000tjpt,2026-08-21T02:01:01.040Z,"southeast of the Loyalty Islands",earthquake,11.95,1.986,0.192,8,reviewed,us,us
2026-08-05T22:59:24.683Z,32.4822,130.463,10,4.9,mww,80,100,0.97,0.82,us,us6000tig8,2026-08-27T04:29:36.532Z,"13 km W of Honmachi, Japan",earthquake,4.85,1.857,0.068,21,reviewed,us,us
2026-08-05T22:11:44.622Z,5.1248,125.3085,10,4.8,mb,52,72,1.951,0.56,us,us6000tifh,2026-08-18T22:14:11.040Z,"35 km SSW of Sarangani, Philippines",earthquake,10.72,1.882,0.07,63,reviewed,us,us
2026-08-05T21:41:27.701Z,5.117,125.2281,10,5.6,mww,147,43,1.971,0.71,us,us6000tif5,2026-09-01T13:34:18.210Z,"41 km SW of Sarangani, Philippines",earthquake,7.24,1.721,0.061,26,reviewed,us,us
2026-08-05T20:59:40.042Z,-21.4829,-176.1768,146.599,4.6,mb,72,111,6.336,0.77,us,us6000tiex,2026-08-28T22:17:44.040Z,"97 km WSW of Houma, Tonga",earthquake,13.11,7.381,0.061,82,reviewed,us,us
2026-08-05T19:51:05.826Z,-6.3619,144.0889,10,4.5,mb,15,112,4.288,0.35,us,us6000tjpj,2026-08-28T21:16:20.040Z,"13 km SE of Ialibu, Papua New Guinea",earthquake,13.07,1.935,0.18,9,reviewed,us,us
2026-08-05T19:46:27.554Z,-6.5471,143.9624,16.281,5.2,mb,73,35,4.253,0.86,us,us6000tie5,2026-08-28T22:15:07.067Z,"29 km S of Ialibu, Papua New Guinea",earthquake,7.43,3.482,0.07,66,reviewed,us,us
2026-08-05T19:33:25.760Z,-1.0769,126.8068,41.962,4.6,mb,39,66,4.463,0.57,us,us6000tjpi,2026-08-28T19:19:33.040Z,"89 km WSW of Labuha, Indonesia",earthquake,8.66,8.095,0.09,37,reviewed,us,us
2026-08-05T19:32:25.347Z,4.9252,125.2448,10.07,4.6,mb,64,109,2.156,0.51,us,us6000tidz,2026-08-28T19:31:44.040Z,"58 km SSW of Sarangani, Philippines",earthquake,27.5,8.092,0.077,56,reviewed,us,us
2026-08-05T16:50:18.982Z,1.7883,127.4345,123.797,5.3,mww,157,30,4.652,0.71,us,us6000tics,2026-08-23T18:05:57.600Z,"64 km W of Tobelo, Indonesia",earthquake,7.11,4.367,0.071,19,reviewed,us,us
2026-08-05T14:55:41.965Z,-8.1305,107.8541,60.835,5,mb,92,43,0.694,1.12,us,us6000tiat,2026-08-23T16:41:06.040Z,"90 km SSW of Singaparna, Indonesia",earthquake,5.87,4.915,0.071,62,reviewed,us,us
2026-08-05T14:43:43.247Z,1.2712,126.3397,48.449,4.7,mb,58,77,5.365,0.91,us,us6000tiar,2026-08-23T16:28:16.040Z,"127 km WNW of Ternate, Indonesia",earthquake,9.21,6.687,0.082,45,reviewed,us,us
2026-08-05T14:22:58.497Z,5.0382,125.2188,104.577,4.5,mb,41,106,2.05,0.89,us,us6000tian,2026-08-23T15:10:48.040Z,"48 km SW of Sarangani, Philippines",earthquake,13.06,7.694,0.09,36,reviewed,us,us
2026-08-05T14:16:49.721Z,1.3365,126.1174,10,4.5,mb,40,77,5.595,0.77,us,us6000tial,2026-08-23T14:35:53.040Z,"110 km E of Bitung, Indonesia",earthquake,10.56,1.852,0.104,27,reviewed,us,us
2026-08-05T12:29:45.300Z,5.3119,125.4228,35,4.5,mb,47,122,1.753,0.53,us,us6000tiae,2026-08-26T15:50:16.040Z,"11 km SSW of Sarangani, Philippines",earthquake,11.86,1.926,0.093,34,reviewed,us,us
2026-08-05T10:52:09.720Z,5.0233,125.0913,40.55,4.5,mb,37,108,2.09,0.59,us,us6000tjp8,2026-08-27T17:29:57.040Z,"58 km SW of Sarangani, Philippines",earthquake,11.2,6.198,0.106,26,reviewed,us,us
2026-08-05T10:06:09.610Z,28.9711,94.7507,10,5,mb,145,48,7.733,0.53,us,us6000ti9w,2026-08-26T15:30:22.374Z,"61 km NE of Shi Yomi, India",earthquake,7.69,1.824,0.043,173,reviewed,us,us
2026-08-05T09:38:19.421Z,5.0603,125.2813,18.888,4.5,mb,42,107,2.018,0.5,us,us6000ti9q,2026-08-26T15:59:42.040Z,"42 km SSW of Sarangani, Philippines",earthquake,12.02,4.643,0.094,33,reviewed,us,us
2026-08-05T09:17:07.639Z,5.0988,125.2273,35,4.8,mb,67,80,1.989,0.54,us,us6000ti9k,2026-08-26T16:17:45.353Z,"42 km SW of Sarangani, Philippines",earthquake,6.38,1.905,0.066,71,reviewed,us,us
2026-08-05T08:11:43.595Z,10.3055,125.0715,10,4.6,mb,42,95,3.254,0.91,us,us6000ti99,2026-08-27T08:11:05.040Z,"11 km ENE of Tomas Oppus, Philippines",earthquake,11.91,1.898,0.088,39,reviewed,us,us
2026-08-05T07:43:26.215Z,-33.6969,179.4683,216.73,6.3,mww,86,48,3.971,1.15,us,us6000ti8i,2026-08-25T13:19:48.585Z,"south of the Kermadec Islands",earthquake,8.36,6.622,0.041,58,reviewed,us,us
2026-08-05T06:44:22.772Z,-49.5839,164.0179,13.304,5,mwr,101,57,3.825,1.04,us,us6000ti85,2026-08-25T12:42:43.040Z,"Auckland Islands, New Zealand region",earthquake,7.17,3.13,0.056,31,reviewed,us,us
2026-08-05T06:41:47.420Z,5.1124,125.216,35,4.8,mb,63,80,1.978,0.8,us,us6000ti86,2026-08-12T06:17:31.040Z,"42 km SW of Sarangani, Philippines",earthquake,9.44,1.928,0.063,79,reviewed,us,us
2026-08-05T06:13:43.173Z,13.7508,-92.4623,11.956,4.5,mb,71,188,2.536,1.21,us,us6000ti81,2026-08-12T05:49:50.040Z,"84 km SW of Champerico, Guatemala",earthquake,10.24,7.554,0.041,177,reviewed,us,us
2026-08-05T05:59:18.173Z,5.154,125.2342,11.57,5.1,mb,72,64,1.934,0.95,us,us6000ti80,2026-08-25T12:34:09.504Z,"37 km SW of Sarangani, Philippines",earthquake,4.44,3.843,0.058,98,reviewed,us,us
2026-08-05T05:57:01.033Z,5.1559,125.5787,35,4.9,mb,59,104,1.901,0.94,us,us6000ti7z,2026-08-25T12:12:57.040Z,"30 km SSE of Sarangani, Philippines",earthquake,9.52,1.928,0.065,75,reviewed,us,us
2026-08-05T05:53:53.743Z,4.9963,125.9769,35,4.6,mb,47,106,2.097,0.73,us,us6000ti7y,2026-08-25T09:24:07.040Z,"72 km SE of Sarangani, Philippines",earthquake,9.38,1.926,0.081,46,reviewed,us,us
2026-08-05T05:49:16.458Z,5.1916,125.1323,10,4.6,mb,35,125,1.918,0.69,us,us6000tjnu,2026-08-27T09:37:33.040Z,"43 km WSW of Sarangani, Philippines",earthquake,11.42,1.927,0.1,33,reviewed,us,us
2026-08-05T05:13:00.905Z,5.1829,125.1531,10,4.9,mb,45,125,1.922,0.92,us,us6000ti7t,2026-08-25T07:53:07.611Z,"42 km SW of Sarangani, Philippines",earthquake,8.47,1.834,0.08,49,reviewed,us,us
2026-08-05T05:02:57.604Z,48.7748,154.9474,82.432,4.5,mb,50,135,4.674,0.79,us,us6000ti7p,2026-08-12T05:36:27.040Z,"227 km SSW of Severo-Kuril’sk, Russia",earthquake,5.87,7.858,0.07,60,reviewed,us,us
2026-08-05T04:47:13.000Z,5.13,125.2174,10,4.6,mb,19,129,1.96,0.62,us,us6000tjnr,2026-08-21T00:00:01.040Z,"40 km SW of Sarangani, Philippines",earthquake,11.21,1.917,0.151,13,reviewed,us,us
2026-08-05T04:43:32.173Z,4.9589,126.4236,10,4.6,mb,17,142,2.259,1.2,us,us6000tjns,2026-08-21T00:13:26.040Z,"117 km ESE of Sarangani, Philippines",earthquake,15.54,1.906,0.137,16,reviewed,us,us
2026-08-05T04:34:11.525Z,5.043,125.0373,35,4.9,mb,31,120,2.084,0.98,us,us6000ti7f,2026-08-22T00:14:55.040Z,"61 km SW of Sarangani, Philippines",earthquake,11.03,1.925,0.112,25,reviewed,us,us
2026-08-05T04:29:05.889Z,4.857,125.3444,35,4.5,mb,17,174,2.21,1.04,us,us6000tjpz,2026-08-21T02:51:45.040Z,"61 km SSW of Sarangani, Philippines",earthquake,13.46,1.988,0.145,14,reviewed,us,us
2026-08-05T04:25:04.577Z,5.1323,125.4389,35,5.2,mb,55,88,1.93,0.94,us,us6000ti71,2026-08-22T00:36:52.063Z,"30 km S of Sarangani, Philippines",earthquake,8.82,1.904,0.086,44,reviewed,us,us
2026-08-05T04:19:21.840Z,5.8844,-82.5326,10,5.1,mww,56,138,3.43,1.1,us,us6000ti6z,2026-08-22T01:29:50.357Z,"240 km S of Burica, Panama",earthquake,5.59,1.895,0.057,30,reviewed,us,us
2026-08-05T04:14:06.073Z,5.1995,125.3134,10,6.3,mww,114,44,1.877,1.25,us,us6000ti6x,2026-08-22T02:09:29.565Z,"28 km SW of Sarangani, Philippines",earthquake,5.54,1.773,0.043,51,reviewed,us,us
2026-08-05T03:58:59.998Z,5.5424,127.0631,10,4.5,mb,21,105,2.116,1.19,us,us6000tjnp,2026-08-20T23:43:02.040Z,"133 km SE of Pondaguitan, Philippines",earthquake,10.62,1.878,0.131,18,reviewed,us,us
2026-08-05T03:16:06.895Z,-6.4486,128.9069,232.256,4.8,mb,64,80,2.156,0.7,us,us6000ti6f,2026-08-22T02:31:35.040Z,"Banda Sea",earthquake,9,7.349,0.078,51,reviewed,us,us
2026-08-05T02:46:57.390Z,50.5665,156.6171,87.625,4.5,mb,94,135,2.633,0.72,us,us6000ti6d,2026-08-22T02:37:03.040Z,"36 km ESE of Severo-Kuril’sk, Russia",earthquake,10.47,7.195,0.061,80,reviewed,us,us
2026-08-05T00:11:57.923Z,21.8899,94.6377,104.923,4.8,mb,122,26,0.729,0.64,us,us6000ti5u,2026-08-27T03:58:03.977Z,"56 km WSW of Monywa, Burma (Myanmar)",earthquake,8.54,4.518,0.046,148,reviewed,us,us
2026-08-04T23:08:00.905Z,-55.685,-26.8178,10,4.7,mb,50,67,5.742,0.74,us,us6000ti5m,2026-08-18T00:30:23.040Z,"South Sandwich Islands region",earthquake,7.84,1.785,0.079,48,reviewed,us,us
2026-08-04T21:09:29.122Z,-24.2993,-175.2568,10,4.9,mb,22,168,9.029,0.8,us,us6000ti4s,2026-08-17T22:22:06.040Z,"south of Tonga",earthquake,8.95,1.926,0.136,17,reviewed,us,us
2026-08-04T20:30:05.505Z,-21.7618,-179.4278,613.004,4.7,mb,61,168,4.647,0.57,us,us6000ti4e,2026-08-20T17:37:33.040Z,"Fiji region",earthquake,11.46,5.413,0.079,49,reviewed,us,us
2026-08-04T20:16:37.007Z,1.5011,126.5024,34.167,5.7,mww,138,23,5.608,0.65,us,us6000ti49,2026-08-20T17:50:29.637Z,"125 km NW of Ternate, Indonesia",earthquake,8.1,3.5,0.11,8,reviewed,us,us
2026-08-04T20:01:17.497Z,30.0665,131.1461,10,4.5,mb,38,128,1.557,0.56,us,us6000tj0d,2026-08-20T17:20:29.040Z,"59 km SE of Koseda, Japan",earthquake,7.11,1.89,0.119,21,reviewed,us,us
2026-08-04T19:56:56.247Z,30.0951,131.2023,28.113,4.8,mww,129,115,1.55,1.08,us,us6000ti40,2026-08-20T16:39:47.438Z,"62 km ESE of Koseda, Japan",earthquake,6.82,4.843,0.093,11,reviewed,us,us
2026-08-04T16:52:00.550Z,51.7499,160.2327,10,4.5,mb,9,169,1.602,0.66,us,us6000tj08,2026-08-28T18:05:32.040Z,"181 km SE of Vilyuchinsk, Russia",earthquake,6.06,1.994,0.272,4,reviewed,us,us
2026-08-04T15:28:49.211Z,-24.438,-175.4107,10,4.8,mb,33,123,5.29,0.89,us,us6000tj06,2026-08-28T16:58:12.040Z,"south of Tonga",earthquake,10.87,1.794,0.113,26,reviewed,us,us
2026-08-04T15:27:29.755Z,-24.2091,-175.0753,10,4.5,mb,8,135,7,0.42,us,us6000tj07,2026-08-28T16:26:10.040Z,"south of Tonga",earthquake,54.08,2.019,0.18,9,reviewed,us,us
2026-08-04T14:56:14.823Z,-24.5549,-175.3958,10,5,mb,128,123,5.19,0.72,us,us6000ti0r,2026-08-28T13:23:25.040Z,"south of Tonga",earthquake,10.45,1.805,0.052,120,reviewed,us,us
2026-08-04T14:00:26.976Z,38.2901,142.2073,46.057,4.6,mb,159,120,2.648,0.51,us,us6000ti0a,2026-08-27T22:22:46.906Z,"68 km ESE of Onagawa Chō, Japan",earthquake,7.82,6.476,0.043,157,reviewed,us,us
2026-08-04T09:29:19.183Z,29.3081,130.6354,35,4.5,mb,33,89,2.199,0.6,us,us6000tj01,2026-08-27T13:23:03.040Z,"103 km S of Koshima, Japan",earthquake,6.87,1.922,0.127,18,reviewed,us,us
2026-08-04T07:12:33.295Z,-28.5979,-176.5276,10,4.6,mb,14,187,1.387,0.56,us,us6000tizz,2026-08-27T13:27:13.040Z,"Kermadec Islands region",earthquake,10.77,1.927,0.165,14,reviewed,us,us
2026-08-04T07:07:08.179Z,14.2653,-93.4564,10,4.6,mb,109,167,3.585,0.99,us,us6000thym,2026-08-25T07:33:52.040Z,"122 km WSW of Puerto Madero, Mexico",earthquake,7.54,1.937,0.04,185,reviewed,us,us
2026-08-04T05:06:39.594Z,32.5228,130.4722,10,4.5,mb,42,107,1.011,0.54,us,us6000thy1,2026-08-21T08:41:46.967Z,"12 km W of Honmachi, Japan",earthquake,5.87,1.866,0.121,20,reviewed,us,us
2026-08-04T02:28:42.201Z,-58.9198,-25.596,35,4.5,mb,33,89,19.696,0.9,us,us6000thwz,2026-08-27T02:32:34.040Z,"South Sandwich Islands region",earthquake,13.9,1.937,0.101,29,reviewed,us,us
2026-08-03T21:42:13.119Z,49.2754,157.9627,10,4.9,mb,78,58,3.778,0.7,us,us6000thvj,2026-08-27T03:01:43.040Z,"203 km SE of Severo-Kuril’sk, Russia",earthquake,7.17,1.731,0.048,138,reviewed,us,us
2026-08-03T20:14:45.641Z,32.2354,-5.1362,10,4.7,mww,90,48,0.704,0.57,us,us6000thv7,2026-08-15T17:36:51.750Z,"61 km SW of Midelt, Morocco",earthquake,6.25,1.847,0.086,13,reviewed,us,us
2026-08-03T15:54:05.807Z,39.7187,143.3705,35,4.5,mb,34,124,2.063,0.57,us,us6000ths9,2026-08-22T17:27:45.040Z,"122 km E of Miyako, Japan",earthquake,8.54,1.922,0.131,17,reviewed,us,us
2026-08-03T14:39:44.688Z,43.1851,146.9239,35,4.7,mb,78,121,3.017,1.08,us,us6000ths2,2026-08-19T21:31:05.040Z,"70 km SSE of Shikotan, Russia",earthquake,9.92,1.883,0.054,105,reviewed,us,us
2026-08-03T13:14:04.672Z,-7.4377,156.1457,60.338,4.8,mb,71,33,4.254,0.78,us,us6000thrs,2026-08-19T20:45:46.040Z,"106 km NW of Gizo, Solomon Islands",earthquake,7.16,3.958,0.07,64,reviewed,us,us
2026-08-03T11:26:43.809Z,49.9613,155.9708,70.241,4.9,mb,84,79,3.331,0.5,us,us6000thre,2026-08-25T14:04:47.040Z,"80 km S of Severo-Kuril’sk, Russia",earthquake,10.27,6.785,0.029,368,reviewed,us,us
2026-08-03T10:55:35.633Z,-24.4954,-67.1352,182.541,4.6,mb,28,63,1.81,0.7,us,us6000thrb,2026-08-03T12:07:20.040Z,"88 km WSW of San Antonio de los Cobres, Argentina",earthquake,6.9,10.71,0.206,7,reviewed,us,us
2026-08-03T10:45:22.454Z,-17.2428,-176.5648,10,4.9,mb,41,55,3.966,1.19,us,us6000thra,2026-08-25T06:02:11.040Z,"Fiji region",earthquake,9.47,1.866,0.066,72,reviewed,us,us
2026-08-03T09:19:09.853Z,14.0227,-93.5342,10,4.5,mb,50,148,3.647,0.82,us,us6000thr2,2026-08-24T08:01:55.040Z,"142 km WSW of Puerto Madero, Mexico",earthquake,9.29,1.913,0.055,98,reviewed,us,us
2026-08-03T05:01:20.270Z,19.1944,-69.6133,10,4.5,mb,136,68,0.46,0.46,us,us6000thqe,2026-08-27T08:19:28.080Z,"3 km S of Sánchez, Dominican Republic",earthquake,4.06,1.868,0.039,192,reviewed,us,us
2026-08-03T05:00:48.365Z,28.6312,104.7147,10,4.9,mb,116,43,7.354,0.4,us,us6000thqf,2026-08-27T08:41:06.040Z,"15 km SSE of Yibin, China",earthquake,9.04,1.832,0.052,118,reviewed,us,us
2026-08-03T01:42:24.824Z,-8.6087,-75.836,123.99,5.2,mww,82,86,3.5,0.9,us,us6000thpt,2026-08-22T04:12:44.040Z,"71 km ESE of Uchiza, Peru",earthquake,10.4,5.998,0.055,32,reviewed,us,us
2026-08-03T00:00:33.315Z,30.3456,32.6285,10,5,mww,106,40,2.124,0.79,us,us6000thpb,2026-08-26T01:38:07.422Z,"42 km NNE of Suez, Egypt",earthquake,7.74,1.777,0.069,20,reviewed,us,us
2026-08-02T22:48:37.577Z,5.37,125.3647,67.847,4.5,mb,41,125,1.702,0.67,us,us6000thp0,2026-08-14T00:24:55.040Z,"11 km WSW of Sarangani, Philippines",earthquake,12.78,8.016,0.097,31,reviewed,us,us
